layer,country,name,lat,lon,date,description,color
Airports,AZ,Baku Heydar Aliyev International Airport (GYD/UBBB),40.465668,50.052438,,,#1a237e
Airports,CH,Zurich Airport,47.461235,8.553498,,,#1a237e
Airports,CY,Larnaca International Airport  (LCA/LCLK),34.87234,33.620352,,,#1a237e
Airports,CY,Paphos International Airport (PFO/LCPH),34.7172,32.484207,,,#1a237e
Airports,CZ,Praha-Ruzyne Václav Havel Airport (PRG/LKPR),50.101791,14.263181,,,#1a237e
Airports,DE,Berlin / Tegel (TXL/EDDT),52.555381,13.295646,,,#1a237e
Airports,DE,Berlin Schönefeld Airport (SXF/EDDB),52.373315,13.50645,,,#1a237e
Airports,DE,Frankfurt Airport (FRA/EDDF),50.037933,8.562152,,,#1a237e
Airports,DE,Munich International Airport,48.353642,11.783185,,,#1a237e
Airports,DE,Weeze Airport (NRN/EDLV),51.599609,6.15045,,,#1a237e
Airports,DK,Copenhagen Airport,55.611963,12.647754,,,#1a237e
Airports,EE,Tallinn Airport,59.414551,24.833465,,,#1a237e
Airports,EG,Hurghada International Airport,27.180284,33.807598,,,#1a237e
Airports,ES,Alicante-Elche Miguel Hernández Airport,38.284924,-0.562213,,,#1a237e
Airports,ES,Barcelona-El Prat Airport (BCN/LEBL),41.297445,2.083294,,,#1a237e
Airports,ES,Girona–Costa Brava Airport,41.897842,2.766064,,,#1a237e
Airports,ES,Madrid / Barajas Adolfo Suárez Airport (MAD/LEMD),40.490158,-3.591055,,,#1a237e
Airports,ES,Valencia Airport,39.488013,-0.480914,,,#1a237e
Airports,FR,EuroAirport Basel-Mulhouse-Freiburg,47.597282,7.525896,,,#1a237e
Airports,FR,ORY Paris Orly Airport,48.729918,2.37323,,,#1a237e
Airports,FR,Paris Beauvais Airport (BVA/LFOB),49.45946,2.112224,,,#1a237e
Airports,FR,Paris Charles de Gaulle Airport (CDG/LFPG),49.009674,2.547966,,,#1a237e
Airports,GE,Batumi International Airport (BUS/UGSB),41.606789,41.610851,,,#1a237e
Airports,GE,Tbilisi International Airport (TBS/UGTB),41.669608,44.964349,,,#1a237e
Airports,GR,Athens International Airport  (ATH/LGAV),37.935647,23.948416,,,#1a237e
Airports,GR,Heraklion Airport N. Kazantzakis (HER/LGIR),35.33958,25.174748,,,#1a237e
Airports,HK,Hong Kong International Airport (HKG/VHHH),22.308047,113.918481,,,#1a237e
Airports,HU,Budapest Airport Franz Liszt International (BUD/LHBP),47.438459,19.252296,,,#1a237e
Airports,IE,Dublin Airport,53.425632,-6.257376,,,#1a237e
Airports,IL,Tel Aviv / Ben Gurion (TLV/LLBG),32.005532,34.885411,,,#1a237e
Airports,IT,Bergamo Orio Al Serio  Airport (BGY/LIME),45.669571,9.703631,,,#1a237e
Airports,IT,Bologna Guglielmo Marconi Airport (BLQ/LIPE),44.534522,11.287859,,,#1a237e
Airports,IT,Roma Leonardo da Vinci International Airport (FCO/LIRF),41.803427,12.251893,,,#1a237e
Airports,IT,Vienna International Airport (VIE/LOWW),48.112612,16.575514,,,#1a237e
Airports,KZ,Almaty International Airport  (ALA/UAAA),43.349926,77.025289,,,#1a237e
Airports,KZ,Astana Nursultan Nazarbayev International Airport (TSE/UACC),51.028068,71.463303,,,#1a237e
Airports,NL,Amsterdam Airport Schiphol,52.316919,4.745925,,,#1a237e
Airports,NL,Eindhoven Airport,51.45045,5.378428,,,#1a237e
Airports,NO,Oslo Airport,60.197854,11.096347,,,#1a237e
Airports,NO,TORP Sandefjord Airport,59.182446,10.256912,,,#1a237e
Airports,OM,Muscat International Airport,23.600641,58.282745,,,#1a237e
Airports,PL,Kraków-Balice John Paul II  International Airport (KRK/EPKK),50.076978,19.788119,,,#1a237e
Airports,PL,Warsaw Chopin Airport,52.164861,20.969182,,,#1a237e
Airports,PL,Warsaw Modlin Airport,52.446175,20.651334,,,#1a237e
Airports,PL,Wrocław Nicolaus Copernicus Airport,51.104165,16.880933,,,#1a237e
Airports,QA,Hamad International Airport,25.269851,51.602698,,,#1a237e
Airports,RO,Bucharest Henri Coandă International Airport (OTP/LROP),44.570731,26.084412,,,#1a237e
Airports,RU,Mineral'nyye Vody Airport named after M. Lermontov (MRV/URMM),44.217513,43.087835,,,#1a237e
Airports,TR,Antalya Airport (AYT/LTAI),36.904333,30.801877,,,#1a237e
Airports,TR,Istanbul Airport,41.259894,28.74273,,,#1a237e
Airports,UA,Donetsk Sergey Prokofiev International Airport (DOK/UKCC),48.068257,37.741976,,,#1a237e
Airports,UA,Ivano-Frankivsk International Aeroport (IFO/UKLI),48.887575,24.706883,,,#1a237e
Airports,UA,Kyiv Boryspil International Airport (KBP/UKBB),50.338222,30.893927,,,#1a237e
Airports,UA,Kyiv-Zhulyany International Airport (Sikorsky) (IEV/UKKK),50.411981,30.443292,,,#1a237e
Airports,UA,LWO - Lviv International Airport,49.813855,23.959838,,,#1a237e
Airports,UA,Odesa International Airport (ODS/UKOO),46.429827,30.677441,,,#1a237e
Airports,GB,London City Airport,51.504844,0.049518,,,#1a237e
Airports,GB,London Gatwick Airport (LGW/EGKK),51.153662,-0.182063,,,#1a237e
Airports,GB,London Heathrow Airport (LHR/EGLL),51.470022,-0.454296,,,#1a237e
Airports,GB,London Luton Airport (LTN/EGGW),51.876265,-0.371747,,,#1a237e
Airports,GB,London Stansted Airport,51.886018,0.238866,,,#1a237e
Airports,US,Bellingham International Airport (BLI/KBLI),48.795579,-122.533064,,,#1a237e
Airports,US,Columbus John Glenn International Airport (CMH/KCMH),39.99994,-82.887177,,,#1a237e
Airports,US,Hollywood Burbank Airport (BUR/KBUR),34.198312,-118.357404,,,#1a237e
Airports,US,IAD Dulles International Airport,38.952248,-77.457889,,,#1a237e
Airports,US,Los Angeles International Airport (LAX/KLAX),33.941589,-118.40853,,,#1a237e
Airports,US,Seattle-Tacoma International Airport (SEA/KSEA),47.45025,-122.308816,,,#1a237e
Airports,,Nice Côte d'Azur Airport,43.659815,7.213746,,,
Football_stadiums,AT,"Vienna, Ernst Happel Stadium",48.207208,16.420985,,,#0f9d58
Football_stadiums,DE,Düsseldorf Arena,51.261788,6.733567,,,#0f9d58
Football_stadiums,DE,Munich Football Arena,48.218797,11.624712,,,#0f9d58
Football_stadiums,ES,Camp Nou,41.380896,2.12282,,,#0f9d58
Football_stadiums,ES,Estadio Ciudad de Valencia,39.494689,-0.363822,,,#0f9d58
Football_stadiums,ES,La Condomina Stadium,37.98621,-1.121362,,,#0f9d58
Football_stadiums,ES,Mestalla Stadium,39.47466,-0.358588,,,#0f9d58
Football_stadiums,ES,"Metropolitano Stadium, Madrid",40.436194,-3.599467,,,#0f9d58
Football_stadiums,ES,Santiago Bernabéu Stadium,40.453039,-3.688334,,Stadium tour,#0f9d58
Football_stadiums,FR,Parc des Princes,48.841437,2.25305,,,#0f9d58
Football_stadiums,HU,"Budapest, Puskás Aréna",47.503172,19.097022,,,#0f9d58
Football_stadiums,IE,Tallaght Stadium,53.283535,-6.373673,,,#0f9d58
Football_stadiums,IT,"Milan, San Siro Stadium",45.478124,9.123962,2010,2010 Stadium tour,#0f9d58
Football_stadiums,IT,Stadio Olimpico,41.934077,12.454725,,,#0f9d58
Football_stadiums,PL,Lublin Arena,51.232427,22.55745,,,#0f9d58
Football_stadiums,PL,Poznan Enea Stadium,52.397706,16.85809,,,#0f9d58
Football_stadiums,,PL - Warsaw. Legia,52.220429,21.041439,,"{'@type': 'html', 'value': ""Marshall Józef Piłsudski's Municipal Stadium of Legia Warsaw""}",#0f9d58
Football_stadiums,PL,"Warszawa, Narodowy",52.239496,21.045791,,,#0f9d58
Football_stadiums,PL,Wrocław Stadium,51.140959,16.942278,,,#0f9d58
Football_stadiums,RO,"Buchurest, National Arena",44.437162,26.152589,,,#0f9d58
Football_stadiums,UA,"Донецьк, Донбас Арена",48.02118,37.810168,2012,2012 Stadium tour,#0f9d58
Football_stadiums,UA,"Київ, НСК Олімпійський",50.433406,30.521856,,,#0f9d58
Football_stadiums,UA,"Київ, Стадіон «Динамо» імені Валерія Лобановського",50.450401,30.535101,,,#0f9d58
Football_stadiums,UA,Лівий Берег,50.336923,30.624338,,,#0f9d58
Football_stadiums,UA,Львів-Арена,49.774861,24.02768,,,#0f9d58
Football_stadiums,UA,"Львів, Стадіон Україна",49.819342,24.048132,,,#0f9d58
Football_stadiums,UA,Оболнь-Арена,50.527098,30.507524,,,#0f9d58
Football_stadiums,UA,"Одеса, Стадіон Чорноморець",46.480685,30.755366,,,#0f9d58
Football_stadiums,GB,Stamford Bridge,51.481663,-0.190956,2023,2023 Charity game,#0f9d58
Football_stadiums,GB,Tottenham Hotspur Stadium,51.60422,-0.066223,,,#0f9d58
Football_stadiums,US,Wallace Wade Stadium,35.995359,-78.941737,,,#0f9d58
Football_stadiums,PL,Stadion Miejski im. Henryka Reymana,50.063582,19.911745,,,
Lived,AZ,Baku (approx),40.377908,49.856885,,,#1a237e
Lived,CH,Caslano (approx),45.973402,8.88036,,"Chris, ex Western Washington university faculty",#1a237e
Lived,DE,"Uhldingen-Mühlhofen, Erlenweg 4",47.74138,9.257974,2022,,#4e342e
Lived,ES,"Sant Feliu de Guíxols, Carrer de Joan Goula, 32",41.781315,3.027756,,,#4e342e
Lived,ES,Santa Cristina,41.810116,2.93547,,,#4e342e
Lived,ES,Valencia. Diachenko 1,39.473728,-0.380568,,,#1a237e
Lived,ES,Valencia. Diachenko 2,39.46976,-0.383599,,,#1a237e
Lived,HU,"Budapest, Central European University Residence Center",47.505246,19.159558,,,#4e342e
Lived,MD,Chisinau. Adria Scutaru (approx),46.984658,28.865023,,,#1a237e
Lived,PL,Brzeg Zamkowa 3,50.862503,17.468226,,Roman and Diana,#1a237e
Lived,PL,Nysa,50.46252,17.337298,,,#1a237e
Lived,RU,Иноземцево (approx),44.094569,43.094774,,,#1a237e
Lived,,RU -Москва (approx),55.846638,37.572132,,,#1a237e
Lived,UA,"Добротвір, Гагаріна 1",50.209766,24.38167,,,#4e342e
Lived,UA,"Добротвір, Франка 6",50.209085,24.384128,,,#4e342e
Lived,UA,"Київ, Бехтерівський провулок 10",50.457785,30.496226,,,#4e342e
Lived,UA,"Київ, Героїв Дніпра 40а, кв 58",50.520641,30.508925,,,#4e342e
Lived,UA,"Київ, Малиновського 27",50.505145,30.505291,,,#4e342e
Lived,UA,"Київ, Оболонська 31, кв 16",50.472466,30.509572,,,#4e342e
Lived,UA,"Київ, Тимошенка 29",50.513085,30.502603,,,#4e342e
Lived,UA,"Київ, Урлівська 14",50.404935,30.622633,,,#4e342e
Lived,UA,"Львів, Бандери 57, кв 5",49.834583,24.009062,,,#4e342e
Lived,UA,"Львів, Замарстинівська 150, кв 68",49.86625,24.025474,,,#4e342e
Lived,UA,"Львів, Кльоновича 16",49.83719,24.036898,,,#4e342e
Lived,UA,"Львів, Спокійна 1",49.830586,23.98259,,,#4e342e
Lived,UA,Манява. Василь Скрипник (approx),48.651172,24.356688,,,#1a237e
Lived,UA,Чаплинка (approx),46.359373,33.529865,,,#1a237e
Lived,US,"Bellingham, WA. Birnam Woods. 2901 Bill McDonald Pkwy",48.731487,-122.478753,,,#4e342e
Lived,US,Кулик 2411 Park Summit Blvd,35.748219,-78.824949,,,#1a237e
Places,,AD - Andorra la Vella,42.505392,1.526904,2012,,#0288d1
Places,AD,Mirador Roc Del Quer,42.567275,1.590995,,,#0288d1
Places,AT,Historic Centre of Vienna,48.208174,16.373819,,,#673ab7
Places,AT,Imperial Treasury Vienna,48.206739,16.365773,,,#0288d1
Places,AT,Kunsthistorisches Museum Wien,48.203802,16.361787,,,#0288d1
Places,AT,"Vienna, St. Stephen's Cathedral",48.208411,16.373471,,,#0288d1
Places,AZ,"Baku, Jumeirah Bilgah Beach Hotel",40.576135,50.0617,,,#0288d1
Places,AZ,"Baku, Park Bulvar Mall",40.37074,49.849699,,,#0288d1
Places,AZ,Gobustan Rock Art Cultural Landscape,40.154048,49.315921,,,#673ab7
Places,BG,"Бургас, Mall Galleria",42.512734,27.45521,,,#0288d1
Places,BG,"Свети Влас, Marina View Fort Beach",42.703656,27.793314,2010,"{'@type': 'html', 'value': 'Room 1, Studio - Non Refundable<br>€ 350.00<br>Arrival\tWednesday, 4 August 2010, check-in after 14:00<br>Departure\tSaturday, 14 August 2010, check-out before 11:00'}",#0288d1
Places,BG,Старият Несебър,42.659458,27.736309,,,#673ab7
Places,BY,"Брэст, Брэсцкая крэпасць",52.08276,23.658054,,,#0288d1
Places,CH,Altstadt Grossbasel,47.555955,7.589669,,,#0288d1
Places,CH,FIFA Museum,47.363335,8.531703,,,#0288d1
Places,CH,Geneva,46.204391,6.143158,2012,,#0288d1
Places,CH,Panoramic Viewpoint Monte Brè,46.009065,8.98726,,,#0288d1
Places,CH,Rhine Falls,47.677951,8.61558,2012,,#0288d1
Places,CH,Zürich,47.376887,8.541694,2012,,#0288d1
Places,CY,Ayia Napa Island,34.985478,33.968254,2021,,#0288d1
Places,CY,"Ayia Napa, Ocean Basket",34.983228,34.00313,2021,,#0288d1
Places,CY,Bath of Aphrodite beach,35.055915,32.348388,2019,,#0288d1
Places,CY,Kalymnos Fish Tavern,34.718719,33.275393,2017,,#0288d1
Places,CY,"Larnaca, Ocean Basket",34.915088,33.637849,2021,,#0288d1
Places,CY,"Limassol, Pixida Fish Tavern (New Limassol Marina)",34.669566,33.039301,2019,,#0288d1
Places,CY,Mount Olympos,34.936375,32.86396,2021,,#0288d1
Places,CY,"Pissouri, Cape Aspro Trail",34.647433,32.717445,2021,,#0288d1
Places,,CZ - Historic Centre of Prague,50.087698,14.421148,,,#673ab7
Places,CZ,"Praha, St. Vitus Cathedral",50.090892,14.400511,2012,,#0288d1
Places,CZ,The Chamber,50.091672,14.431674,2023,2023. Ales Marsal birthday party,#0288d1
Places,DE,Altstadt von Meersburg,47.694609,9.272481,2022,,#0288d1
Places,DE,"Berlin, Bundesministerium für Wirtschaft und Energie",52.528324,13.374813,,,#0288d1
Places,DE,"Berlin, Forum Transregional Studies",52.491358,13.278181,2018,"{'@type': 'html', 'value': '2018<br>9.30-11.00 Discussion with Julda Kielyte, European Commission, Support Group for Ukraine, Team<br>leader Economic and Fiscal Reforms, Alexander Antonyuk, European Investment Bank, and Inna<br>Melnykovska, Assistant professor, Central European University, Budapest, Post-doctoral Fellow,<br>Harvard University, “Economic policy alternatives - How much market does Ukraine need?”<br>11-12.30 Seminar “Political economy of reforms and growth diagnostics for Ukraine” with Vitaly<br>Protsenko, Vox Ukraine, and Ewa Dabrowska, Polis180'}",#0288d1
Places,DE,"Berlin, Reichstag Building",52.51862,13.376187,2010,,#0288d1
Places,DE,Berliner Fernsehturm,52.520815,13.409419,2010,,#0288d1
Places,DE,"Boblingen, Breuningerland Sindelfingen",48.704025,9.030377,2012,,#0288d1
Places,DE,Buchenwald Memorial,51.021508,11.249239,2010,2010 - Ievgen Zveriev,#0288d1
Places,DE,Duisburg,51.434408,6.762329,2010,,#0288d1
Places,DE,"Düsseldorf, Carlsplatz Markt",51.223431,6.773664,,,#0288d1
Places,DE,Erfurt,50.984768,11.02988,2010,2010 - Ievgen Zveriev,#0288d1
Places,DE,Jena,50.927054,11.589237,2010,2010 - Ievgen Zveriev,#0288d1
Places,DE,"Konstanz, SEA LIFE",47.657012,9.180164,2022,,#0288d1
Places,DE,"Konstanz, Stadtgarten",47.662278,9.178911,2012,,#0288d1
Places,DE,"Munich, Siegestor",48.152369,11.582147,,,#0288d1
Places,DE,Neuschwanstein Castle,47.557574,10.7498,2022,,#0288d1
Places,DE,Spielplatz Strandbad - Uhldingen-Mühlhofen am Bodensee,47.724694,9.228558,,,#0288d1
Places,DE,"Überlingen, Uferpromenade",47.765954,9.158994,,,#0288d1
Places,,DE -Lindau Insel,47.546149,9.681822,,,#0288d1
Places,DK,Amalienborg,55.68401,12.592945,,,#0288d1
Places,DK,LEGO House,55.730687,9.114944,,,#0288d1
Places,DK,LEGOLAND® Billund Resort,55.735207,9.128321,,,#0288d1
Places,DK,Mini Chef,55.730421,9.115073,,,#0288d1
Places,DK,Rosenborg Castle,55.685827,12.577269,,,#0288d1
Places,DK,Viking Ship Museum,55.650699,12.081023,,,#673ab7
Places,EE,Historic Centre of Tallinn,59.436374,24.744584,,Historic Centre (Old Town) of Tallinn,#673ab7
Places,EE,Margherita Pizzeria & Trattoria,59.437904,24.743146,,,#0288d1
Places,EG,Al Mina Mosque,27.229487,33.843066,,,#0288d1
Places,EG,Bedouin Camel Ride,27.038649,33.654114,,,#0288d1
Places,EG,Hurghada Mall,27.160551,33.821456,,aka Hurghada Museum,#0288d1
Places,EG,Saint Shenouda Coptic Orthodox Church,27.254289,33.815963,,,#0288d1
Places,ES,Abbey of Montserrat,41.593326,1.837676,,,#0288d1
Places,ES,Alhambra,37.176078,-3.588141,,,#673ab7
Places,ES,Alicante. Ficus Monumentales,38.34129,-0.486848,2022,,#0288d1
Places,ES,Aquopolis Villanueva de la Cañada,40.456663,-3.990413,,,#0288d1
Places,ES,Basílica de Nuestra Señora del Pilar,41.656771,-0.878519,,,#0288d1
Places,ES,"Bilbao, Casco Viejo",43.259566,-2.92384,,,#0288d1
Places,ES,Cartagena. Museo Foro Romano. Molinete.,37.602758,-0.984145,2022,,#0288d1
Places,ES,Castillo de Peñíscola,40.358578,0.407961,,,#0288d1
Places,ES,Donostia-San Sebastian,43.318334,-1.981231,,,#0288d1
Places,ES,Gaztelugatxe,43.447,-2.785,,,#0288d1
Places,ES,La Lonja de la Seda,39.474371,-0.378325,,,#673ab7
Places,ES,La Sagrada Familia,41.40363,2.174356,,,#0288d1
Places,ES,"Llagostera, La Torre de la Presó",41.829024,2.891935,,,#0288d1
Places,ES,"Lleida, Porta dels Apòstols",41.617611,0.626466,,,#0288d1
Places,ES,Montgrí Castle,42.052007,3.131631,,,#0288d1
Places,ES,Montjuïc Castle,41.362959,2.165064,,,#0288d1
Places,ES,Mosque-Cathedral of Córdoba,37.878906,-4.779387,,,#0288d1
Places,ES,Muralles de Girona,41.986581,2.828378,,,#0288d1
Places,ES,Museu de les Ciències Príncipe Felipe,39.456107,-0.352084,,,#0288d1
Places,ES,Museu del Mar - Can Garriga,41.699648,2.850726,2023,,#0288d1
Places,ES,"Palamos, Escenari Espai Sardanes",41.847842,3.125578,,,#0288d1
Places,ES,"Pamplona, Monumento al Encierro",42.814787,-1.641324,,,#0288d1
Places,ES,Pp's Park Platja d'Aro,41.811517,3.06083,,,#0288d1
Places,ES,"Prado Museum Broadcasting, SAU",40.415609,-3.691371,,,#0288d1
Places,ES,Royal Palace of Madrid,40.417955,-3.714312,,,#0288d1
Places,ES,"Sant Feliu de Guíxols, Parròquia de Santa Maria Assumpta",41.786042,3.033037,2022,Великдень 2022,#0288d1
Places,ES,"Sevilla, Plaza de España",37.377196,-5.986893,,,#0288d1
Places,ES,SLas Ventas Bullring,40.432136,-3.663291,2012,,#0288d1
Places,ES,Zumaia,43.300254,-2.260885,,,#0288d1
Places,FR,Basilique Notre-Dame de la Garde,43.283953,5.371238,,,#0288d1
Places,FR,Canal du Midi,43.613201,1.424278,,"{'@type': 'html', 'value': '""This 360-km network of navigable waterways linking the Mediterranean and the Atlantic through 328 structures (locks, aqueducts, bridges, tunnels, etc.) is one of the most...""'}",#673ab7
Places,FR,Cité de Carcassonne,43.206082,2.364196,,,#673ab7
Places,FR,INSEAD,48.406601,2.685375,,,#0288d1
Places,FR,Léon - Montpellier Antigone,43.607315,3.896261,,,#0288d1
Places,FR,Mont Saint-Michel,48.636063,-1.511457,,,#673ab7
Places,FR,"Montpellier, Arc de Triomphe",43.611144,3.872424,,,#0288d1
Places,FR,Musée d'Orsay,48.859961,2.326561,2023,,#0288d1
Places,FR,Palace of the Kings of Majorca,42.693988,2.893925,,,#0288d1
Places,FR,"Paris, Arc de Triomphe",48.873792,2.295028,2019,2019/20,#0288d1
Places,FR,"Paris, Eiffel Tower",48.85837,2.294481,2019,"2019/20. 2 tickets Adult (2 x 25,50 €)",#0288d1
Places,FR,"Paris, Léon - [ex Léon de Bruxelles]",48.883447,2.328125,2019,2019/20,#0288d1
Places,FR,"Paris, Léon - [ex Léon de Bruxelles]",48.871384,2.335458,2019,2019/20,#0288d1
Places,FR,"Paris, Louvre Museum",48.860611,2.337644,2019,2019/20. 2x Entrance Ticket + Audio Guide (in English) (€24.71) = €49.42,#0288d1
Places,FR,"Paris, Palace of Versailles",48.804865,2.120355,2019,2019/20. 2x Entrance Ticket + Audio Guide (in English) (€24.71)	€49.42,#673ab7
Places,FR,"Paris, Sacré-Cœur",48.886705,2.343104,2019,2019/20,#0288d1
Places,FR,Rennes. Notre Dame De Bonne Nouvelle,48.114968,-1.680425,2023,,#0288d1
Places,FR,Tomb of Napoleon,48.855061,2.312539,,,#0288d1
Places,FR,"Toulouse, Place du Capitole",43.604312,1.443312,,,#0288d1
Places,,GB-FR La Manche Tunnel,51.018391,1.491474,,,#0288d1
Places,GE,Adjarian Wine House,41.548372,41.741425,2018,,#0288d1
Places,GE,"Batumi, Ali & Nino Statue",41.655578,41.643125,2018,,#0288d1
Places,GE,Batumi's Rafting,41.571863,41.858052,2018,,#0288d1
Places,GE,Gergeti Trinity Church,42.6622,44.620257,2019,,#0288d1
Places,GE,Gudauri View Point,42.492117,44.452807,2019,,#0288d1
Places,GE,Kazbegi Hotel,42.659004,44.650856,2019,,#0288d1
Places,GR,Acropolis of Athens,37.971532,23.725749,,,#673ab7
Places,GR,Lake Kournas,35.330383,24.276198,,,#0288d1
Places,GR,Rhetymno Old Town,35.369561,24.472755,,,#0288d1
Places,HK,Deep Water Bay Beach,22.243908,114.188058,,,#0288d1
Places,HK,Sik Sik Yuen Wong Tai Sin Temple,22.342726,114.193258,,,#0288d1
Places,HK,Tai Shing Street Market,22.337384,114.194467,,,#0288d1
Places,HK,Temple Street Night Market,22.306518,114.16998,,,#0288d1
Places,HK,The Victoria Peak,22.270396,114.149923,,,#0288d1
Places,HR,Limski Fjord,45.131273,13.735979,,,#0288d1
Places,HR,Poreč,45.226855,13.595517,2011,,#0288d1
Places,HR,Pula Arena,44.87323,13.850246,,,#0288d1
Places,HR,"Zagrab, Avenue Mall",45.776569,15.978981,2011,,#0288d1
Places,HU,Budapest Fisherman's Bastion,47.502183,19.034781,,,#0288d1
Places,HU,"Budapest, Széchenyi Chain Bridge",47.498993,19.043699,,200 FT,#0288d1
Places,HU,Visegrád High Castle,47.794075,18.980077,,,#0288d1
Places,IE,Dublin Castle,53.342886,-6.267428,,,#0288d1
Places,IE,Guinness Storehouse,53.341809,-6.286716,,,#0288d1
Places,IE,Howth Cliff Walk,53.385003,-6.046817,,,#0288d1
Places,IE,Kish Fish,53.391415,-6.070539,,,#0288d1
Places,IE,No2 Bar and Grill,53.288521,-6.369908,,,#0288d1
Places,IE,Plunkets,53.34797,-6.26258,,,#0288d1
Places,IE,The Quays Dublin - Temple Bar,53.345673,-6.263255,,,#0288d1
Places,IE,The Temple Bar Pub,53.345474,-6.264194,,,#0288d1
Places,IE,Vat House Bar,53.344657,-6.261935,,,#0288d1
Places,,IE -Jameson Distillery Bow St.,53.348185,-6.277029,,,#0288d1
Places,IL,Church of Nativity,31.704303,35.207529,,,#0288d1
Places,IL,Ein Bokek beach,31.196636,35.363254,,,#0288d1
Places,IL,Eshet Lot / Lots Wife,31.081763,35.395602,,,#0288d1
Places,IL,Jerusalem. Western Wall,31.776719,35.234508,,,#0288d1
Places,IL,Nazareth. Church Of Annunciation,32.7022,35.297403,,,#0288d1
Places,IL,The Jordan Carriages‬,32.7112,35.571104,,,#0288d1
Places,IL,Tiberias Lake,32.755262,35.635456,,,#0288d1
Places,IT,Aquarium of Genoa,44.410221,8.926671,,,#0288d1
Places,IT,Bugatti Autoricambi S.p.A.,45.565586,10.129178,2010,,#0288d1
Places,IT,Colosseum,41.89021,12.492231,,,#0288d1
Places,IT,Duomo di Milano,45.464098,9.191926,,,#0288d1
Places,,IT - Historic Centre of Rome,41.902701,12.496235,,,#673ab7
Places,IT,Menaggio,46.021707,9.238828,,,#0288d1
Places,IT,Mount Vesuvius,40.822383,14.428906,,,#0288d1
Places,IT,Pompeii,40.751127,14.486111,,,#673ab7
Places,IT,Santa Maria delle Grazie,45.465963,9.170962,,,#673ab7
Places,IT,Santuario di San Bernardino alle Ossa,45.462417,9.195541,,,#0288d1
Places,IT,Sforzesco Castle,45.470476,9.179332,,,#0288d1
Places,IT,St. Mark's Square,45.434167,12.338472,,,#0288d1
Places,IT,The Basilica of St. Anthony,45.401394,11.880773,,,#0288d1
Places,IT,Verona,45.438384,10.991622,,,#0288d1
Places,KZ,Akbozat,51.122775,71.634065,,"{'@type': 'html', 'value': 'Знакомство с национальным казахским бытом<br>Второй день Конгресса завершится посещением парка отдыха с возможностью поучаствовать в национальных мастер-классах:<br>""Национальная кухня""<br>""Мелодичный сазсырнай""<br>""Казахская Юрта""<br>""Национальный танец""'}",#0288d1
Places,,KZ - Akmola oblast,51.376353,71.771642,,"показательная охота с беркутом, во время которой профессиональный беркутчи расскажет вам о способах охоты и ее основных приемах, об этапах приобщения птицы к охоте, о сложностях воспитания ее характера.",#0288d1
Places,KZ,Astana. Expo,51.088712,71.415944,,,#0288d1
Places,LU,Luxembourg,49.611621,6.131935,,,#0288d1
Places,ME,Budva Old Town,42.27815,18.837642,,,#0288d1
Places,ME,Sveti Stefan,42.255888,18.891263,,,#0288d1
Places,MO,Sands Macao,22.191631,113.554871,,,#0288d1
Places,NL,"Amsterdam, Boat tour",52.361835,4.882688,,,#0288d1
Places,NL,"Eindhoven, Markt",51.439305,5.478252,,,#0288d1
Places,NL,Rijksmuseum,52.359998,4.885219,,,#0288d1
Places,,NL - Zaandam,52.438151,4.815123,,,#0288d1
Places,,NL - Zaandam wind mills,52.474201,4.817619,,,#0288d1
Places,NO,Akershus Fortress,59.907586,10.737084,,,#0288d1
Places,NO,Hovedøya,59.895229,10.724641,,,#0288d1
Places,NO,Kragstøtten,59.972502,10.655492,,,#0288d1
Places,NO,"Oslo, Fram Museum",59.903381,10.699729,,,#673ab7
Places,NO,The Vigeland Park,59.927029,10.700865,,,#0288d1
Places,OM,Mutrah Souq,23.620382,58.564562,,,#0288d1
Places,OM,Nizwa Fort,22.933212,57.530196,,,#0288d1
Places,OM,Wadi Tanuf,23.05324,57.468895,,,#0288d1
Places,OM,Wilderness,23.17724,57.853293,,,#0288d1
Places,PL,Baba Sianya's Place,50.462449,17.337032,,,#0288d1
Places,,PL - Historic Centre of Kraków,50.060544,19.941718,,,#673ab7
Places,PL,Historic Centre of Warsaw,52.247733,21.013608,,,#673ab7
Places,PL,Hydropolis Wroclaw,51.103524,17.057204,2025,06.09.2025,#0288d1
Places,PL,Kaplica Świętej Jadwigi,50.863412,17.466551,2025,Roman and Diana Wedding 2025,#0288d1
Places,PL,Kopalnia Soli Wieliczka,49.985429,20.057573,,,
Places,PL,"Kraków, Stare Miasto",50.060544,19.941718,,,#0288d1
Places,PL,Łańcut Castle,50.06867,22.23459,2025,,#0288d1
Places,PL,Lublin Castle,51.250424,22.572438,,,#0288d1
Places,PL,Moszna Zamek,50.440748,17.767819,,,#0288d1
Places,PL,Museum in Nieborów and Arkadia,52.066589,20.070225,,,#0288d1
Places,PL,Poznań Old Market Square,52.40825,16.934368,,,#0288d1
Places,PL,"Rzeszów, Śródmieście",50.039541,22.003655,,,#0288d1
Places,PL,Solina Dam,49.39579,22.454019,2025,,#0288d1
Places,PL,UA Border,49.221162,22.717363,2025,,#0288d1
Places,PL,"Wrocław, Market Square",51.110374,17.031031,,,#0288d1
Places,PL,Zapora wodna w Myczkowcach,49.431112,22.408368,,,#0288d1
Places,PL,Zwierzyniec Pod Topolą,52.245003,21.477533,,,#0288d1
Places,,PL Zamek w Pszczynie,49.978158,18.940452,,,
Places,PT,"Lisboa, Santa Justa Lift",38.71213,-9.13943,,,#0288d1
Places,PT,Nova Praia,38.634246,-9.232163,,,#0288d1
Places,QA,Flagpoles of the World Cup Competitors,25.293112,51.528859,,,#0288d1
Places,QA,Souq Waqif,25.287982,51.532883,,,#0288d1
Places,RO,"București, Piana Vyshnia - Vișinotecă",44.430984,26.101565,,,#0288d1
Places,RO,Heroes' Mausoleum,45.872387,27.207888,2010,,#0288d1
Places,RU,Kislovodsk,43.905591,42.715918,,,#0288d1
Places,RU,Ozero Tambukan,43.961551,43.163018,,,#0288d1
Places,RU,Pereval Gumbashi,43.777114,42.208652,,,#0288d1
Places,RU,"Pyatigorsk, Gora Mashuk",44.050744,43.089,,,#0288d1
Places,RU,St. Basil's Cathedral,55.752523,37.623087,,,#0288d1
Places,RU,Иноземцево,44.088732,43.095412,,,#0288d1
Places,RU,"Москва, Бизнес-центр Аврора",55.734527,37.641848,2009,"Deutsche Bank, 2009",#0288d1
Places,RU,"Москва, ВДНХ",55.834994,37.621937,,,#0288d1
Places,SE,Disgusting Food Museum,55.60091,13.001238,,,#0288d1
Places,SE,Malmö Castle,55.604799,12.987612,,,#0288d1
Places,SI,Ljubljana,46.056946,14.505752,,,#0288d1
Places,SK,Chodník korunami stromov Bachledova dolina,49.286176,20.313358,2026,,
Places,SK,Dolný Kubín,49.212679,19.296875,,,#0288d1
Places,SK,Lanovka na Hrebienok,49.145582,20.220696,2026,,
Places,SK,Orava Castle,49.262057,19.358658,,,
Places,SK,Veža snov,49.127408,20.059223,,,
Places,TR,Antalya,36.896891,30.713323,,,#0288d1
Places,TR,Travertines of Pamukkale (thermal pools),37.923385,29.122712,,,#0288d1
Places,UA,Askania Nova zoological park,46.460153,33.863966,,,#0288d1
Places,UA,Heniches'ka Hirka,46.109765,34.82901,,,#0288d1
Places,UA,Krekhiv monastery,50.034008,23.797861,2006,,#0288d1
Places,UA,Kyiv St. Sophia's Cathedral,50.45291,30.514306,,,#673ab7
Places,UA,Lviv,49.839683,24.029717,,,#673ab7
Places,UA,Берестечко,50.35894,25.122889,,,#0288d1
Places,UA,"Біла  Церква, парк Олександрівка",49.812945,30.068236,,,#0288d1
Places,UA,Буча міський парк,50.562452,30.217938,,,#0288d1
Places,UA,Високий замок,49.848311,24.039411,,,#0288d1
Places,UA,Вичтачів. Дніпровські кручі,50.127469,30.839476,,,#0288d1
Places,UA,"Вінниця, Набережна Roshen",49.233023,28.486399,,,#0288d1
Places,UA,Віслюча ферма «Osloff»,50.206794,30.546691,,,#0288d1
Places,UA,водоспад Кам'янка,49.033474,23.563925,,,#0288d1
Places,UA,Гмирянка,50.797506,32.427608,,,#0288d1
Places,UA,Десна. сплав по річці,50.833915,30.74161,,,#0288d1
Places,UA,Деца в Нотаря,48.591831,22.31838,,,#0288d1
Places,UA,Дністровська ГЕС дамба,48.595214,27.456352,,,#0288d1
Places,UA,Долина нарцисів,48.183889,23.356667,,,#0288d1
Places,UA,Задорожнє озеро,49.55404,23.92094,,,#0288d1
Places,UA,Замок Паланок,48.431782,22.687588,,,#0288d1
Places,UA,Заповідник Tустань,49.191824,23.409472,,,#0288d1
Places,UA,Затока,46.095555,30.489173,,,#0288d1
Places,UA,Зашків,49.949301,23.982954,,,#0288d1
Places,UA,зоопарк XII місяців,50.737229,30.2974,,,#0288d1
Places,UA,"Івано-Франківськ, Fabbrica",48.922186,24.711176,,,#0288d1
Places,UA,Кам'янець-Подільська фортеця,48.673476,26.562588,,,#0288d1
Places,UA,Качанівка,50.836787,32.655282,,,#0288d1
Places,UA,Керч,45.357314,36.468293,,,#0288d1
Places,UA,Коломия,48.530492,25.041205,,,#0288d1
Places,UA,Коростишівський кар'єр,50.323307,29.079542,,,#0288d1
Places,UA,"Косино, термальні води",48.259772,22.492739,,,#0288d1
Places,UA,Кривий Ріг,47.910483,33.391783,,,#0288d1
Places,UA,Лозівський Молокозавод,48.908594,36.313268,2010,2010/11,#0288d1
Places,UA,"Луцьк, замок Любарта",50.738892,25.323317,,,#0288d1
Places,,UA - Лядівський скельний чоловічий монастир,48.484845,27.60799,,,#0288d1
Places,UA,Манявський водоспад,48.625698,24.303518,,,#0288d1
Places,UA,Межигір'я,50.614788,30.473868,,,#0288d1
Places,UA,Олеський замок,49.968376,24.900878,,,#0288d1
Places,UA,Острозький замок,50.326639,26.520773,,,#0288d1
Places,UA,Парк Буки,49.837996,29.656703,,,#0288d1
Places,UA,Парк Київська Русь,50.143896,30.47148,,,#0288d1
Places,UA,Порт Південний,46.651933,31.016399,,,#0288d1
Places,UA,Почаївська Лавра,50.00543,25.508245,,,#0288d1
Places,UA,Равликова ферма Nature_Snail,50.148616,30.61355,,,#0288d1
Places,UA,"Радомишль, замок",50.47765,29.216622,,,#0288d1
Places,UA,резиденція Хмельницького,49.081025,32.657472,,,#0288d1
Places,UA,Рожеве озеро,46.25128,33.776217,,,#0288d1
Places,UA,с. Панське Дамба Кременчуцького водосховища,49.505188,32.07561,,,#0288d1
Places,UA,Скадовськ,46.110086,32.893172,,,#0288d1
Places,UA,"Сколе, ресторан Святослав",49.000186,23.467103,,,#0288d1
Places,UA,Солотвино. Підземне відділення республіканської алергологічної лікарні,47.965538,23.849691,,,#0288d1
Places,UA,Софіївка Національний дендрологічний парк,48.763369,30.222528,,,#0288d1
Places,,UA - Ставка Гітлера «Вервольф»,49.307214,28.495134,,,#0288d1
Places,UA,"Суботів, Іллінська церква",49.094269,32.554871,,,#0288d1
Places,UA,Сулимів,49.9685,24.158723,,,#0288d1
Places,UA,Сухолуччя,51.025497,30.358057,,,#0288d1
Places,UA,Східниця,49.225104,23.348351,,,#0288d1
Places,UA,Тараканівський форт,50.363279,25.715846,,,#0288d1
Places,UA,Тарасова Гора,49.732098,31.51243,,,#0288d1
Places,UA,"Тиса, рафтинг",48.138917,23.317006,2015,корпоратив літо 2015,#0288d1
Places,UA,ТОВ Ядзакі Україна,48.59452,22.266605,,,#0288d1
Places,UA,Трускавець. Дельфінарій Оскар,49.277622,23.49046,,,#0288d1
Places,UA,Херсонес,44.612403,33.490233,,Ancient City of Tauric Chersonese,#673ab7
Places,UA,"Холодний Яр, дуб Максима Залізняка.",49.109865,32.260334,,,#0288d1
Places,UA,Хотинська фортеця,48.522007,26.498351,,,#0288d1
Places,UA,Чепа,48.071175,23.020559,,,#0288d1
Places,UA,Шацьк,51.475307,23.877118,,Між зоряним небом і озером синім ...,#0288d1
Places,UA,Ялта,44.493599,34.165393,,,#0288d1
Places,UA,"Яремче, водоспад пробій",48.439458,24.539837,,,#0288d1
Places,UA,Ясницький кар'єр,49.92444,23.839871,,,#0288d1
Places,GB,The British Museum,51.519413,-0.126957,,,#0288d1
Places,GB,Tower of London,51.508112,-0.075949,,,#673ab7
Places,US,American Tobacco Campus,35.993333,-78.904167,,,#0288d1
Places,US,Boeing Everett Factory,47.926522,-122.272072,,,#0288d1
Places,US,Buffalo,42.886447,-78.878369,,Best buffalo wings,#0288d1
Places,US,Desert,33.671747,-115.829684,,,#0288d1
Places,US,Hollywood Walk of Fame,34.101634,-118.326705,,,#0288d1
Places,US,IMF HQ2,38.899996,-77.044393,,,#0288d1
Places,US,Niagara Falls Observation Tower,43.086908,-79.068792,,,#0288d1
Places,US,Ohio 1625 Stony Hill Rd,41.232276,-81.763812,,Дядько Зеник,#0288d1
Places,US,Rock and Roll Hall of Fame,41.508548,-81.69537,,,#0288d1
Places,US,Seattle Space Needle,47.620506,-122.349277,,,#0288d1
Places,US,Top of The Rock,40.75935,-73.979409,,,#0288d1
Places,VA,St. Peter's Square,41.902222,12.456728,,,#0288d1
Places,,Prison man in iron mask,43.52382,7.044511,,,
Places,,Oceanographic Museum of Monaco,43.73068,7.425513,,,
Places,,Prince's Palace of Monaco,43.73126,7.419823,,,
Places,,Nice,43.695945,7.279515,,,
Places,,Cannes,43.550601,7.010651,,,
Places,,Èze,43.728892,7.36207,,,
Hotels,AD,Hotel Guillem,42.535707,1.583299,2022,,#ffea00
Hotels,AT,Aparthotel Adagio Vienna City,48.211041,16.383731,2025,2025 CEE conference,#ffea00
Hotels,AT,Hilton Vienna Park,48.206189,16.382926,,,#ffea00
Hotels,AT,ibis Wien Hauptbahnhof,48.185704,16.378674,,,#ffea00
Hotels,AT,Novotel Suites Wien City Donau,48.223472,16.399805,,,#ffea00
Hotels,AT,"Vienna, Hotel Admiral",48.202438,16.357382,,,#ffea00
Hotels,CH,Kempinski Palace Engelberg Titlis - Swiss Alps,46.820605,8.402387,,,#ffea00
Hotels,CH,Swiss star housing,47.36765,8.521921,,,#ffea00
Hotels,CY,"Ayia Napa, Aktea Beach Hotel",34.987524,33.975473,2021,"{'@type': 'html', 'value': '2021. 7 nights = €1195 (2+1)<br>+€37 extra'}",#ffea00
Hotels,CY,"Ayia Napa, Panthea Holiday Village",34.985878,33.995132,2021,"{'@type': 'html', 'value': '2021. 7 nights (3+1 = 2 rooms) € 1,320.19<br>+€60 extra'}",#ffea00
Hotels,CY,"Larnaca, City Alkisti Hotel",34.911267,33.635576,2017,2017. €43.25 1 night,#ffea00
Hotels,CY,"Limassol, Crowne Plaza , an IHG Hotel",34.688916,33.071166,2017,"2017, 2019",#ffea00
Hotels,CY,"Neo Chorio, Anassa Hotel",35.043764,32.37051,2019,,#ffea00
Hotels,CY,"Pissouri, Columbia Beach Resort",34.650205,32.720643,2021,,#ffea00
Hotels,CZ,B&B Hotel Prague-City,50.092499,14.4416,2023,"{'@type': 'html', 'value': '2 rooms Breakfast is included in the final price.<br>Check-in<br>Friday, 24 February 2023<br>Check-out<br>Sunday, 26 February 2023<br>€ 248'}",#ffea00
Hotels,CZ,"Plzeň, Penzion Plzeň U Gigantu",49.721225,13.38399,2012,2012. € 65 per  1 night (4 pers),#ffea00
Hotels,CZ,President Hotel Prague,50.092379,14.419745,2018,2018.Cbonds CEE Bond Conference,#ffea00
Hotels,,"CZ -Jihlava, Business Hotel , Romana Havelky 13",49.411406,15.577027,2012,2012. 2 rooms = € 96.00,#ffea00
Hotels,DE,"Berlin, ibis Kurfuerstendamm",52.502756,13.344598,2018,,#ffea00
Hotels,DE,DJH Youth Hostel Duisburg Sportpark,51.410465,6.777012,,,#ffea00
Hotels,DE,"Engen, Hegaustern",47.881667,8.726667,2012,2012. € 99 = 1 room.,#ffea00
Hotels,DE,ibis budget Berlin Airport Schoenefeld,52.367978,13.564635,,,#ffea00
Hotels,DE,Pension Am Siegestor,48.15231,11.580953,,,#ffea00
Hotels,DK,Milling Hotel Windsor,55.398312,10.382927,,,#ffea00
Hotels,DK,Next House Copenhagen,55.669602,12.57099,,,#ffea00
Hotels,DK,Refborg Hotel,55.729326,9.113582,,,#ffea00
Hotels,EE,Kalev Spa Hotel & Water Park,59.440109,24.75127,2021,"{'@type': 'html', 'value': '24.12.2021:\t179.00 EUR<br>25.12.2021:\t169.00 EUR<br>26.12.2021:\t113.00 EUR<br>Total price:\t461.00 EUR'}",#ffea00
Hotels,EG,Calimera Blend Paradise Resort,27.095791,33.839418,,,#ffea00
Hotels,,"ES -  Sant Feliu de Guíxols, Casa Rita",41.790303,3.022556,2022,"{'@type': 'html', 'value': 'сб, 14 трав. 2022сб, 18 черв. 2022   €1 621,90<br>18/6/2022 - 16/7/2022   1421€'}",#ffea00
Hotels,ES,"Barcelona, Hostal Badaloní",41.44583,2.23813,2015,,#ffea00
Hotels,ES,"C. de Calatrava, 21",40.409161,-3.71188,,"{'@type': 'html', 'value': '€1574,99 = 46.32 per night<br>34 nights'}",#ffea00
Hotels,ES,Casual del JAZZ San Sebastian,43.308677,-1.97638,2022,"{'@type': 'html', 'value': '€ 61.41<br>Check-in\tFriday, 23 December 2022<br>Check-out\tSaturday, 24 December 2022'}",#ffea00
Hotels,ES,Cinque Terre Apartments,40.392652,-3.725399,,"{'@type': 'html', 'value': '€ 612 = 76.50 per night<br>8 nights'}",#ffea00
Hotels,ES,Complejo Gasaqui,38.885993,-0.575965,2022,"{'@type': 'html', 'value': 'Jul 16–17 2022<br>€ 67  1 night, 1 room'}",#ffea00
Hotels,ES,"Córdoba, Hotel Riviera",37.885501,-4.783888,2015,"{'@type': 'html', 'value': 'субота, 29 серпня 2015<br>неділя, 30 серпня 2015<br>€ 45'}",#ffea00
Hotels,ES,"Cubelles, Appartaments",41.1991,1.665584,2012,,#ffea00
Hotels,ES,Granada Hotel Guadalupe,37.17341,-3.584212,2022,"{'@type': 'html', 'value': 'Заїзд субота, 30 липня 2022 (з 14:00)<br>Виїзд неділя, 31 липня 2022 (до 12:00)<br>€ 79  Сніданок включено в остаточну ціну'}",#ffea00
Hotels,ES,Hotel ILUNION San Mames,43.260947,-2.950186,2022,"{'@type': 'html', 'value': '€ 79.70<br>Check-in\tThursday, 22 December 2022<br>Check-out\tFriday, 23 December 2022'}",#ffea00
Hotels,ES,Hotel YIT Ciudad de Zaragoza,41.677252,-0.86805,2022,"{'@type': 'html', 'value': '€ 125 Breakfast is included<br>Check-in\tSaturday, 10 September 2022 (from 13:00)<br>Check-out\tSunday, 11 September 2022 (until 12:00)'}",#ffea00
Hotels,ES,ibis budget Madrid Centro las Ventas,40.432515,-3.656251,,,#ffea00
Hotels,ES,"Madrid, Los Arcos",40.415673,-3.704663,,,#ffea00
Hotels,ES,"Madrid. C. de Concepción Jerónima, 33",40.413674,-3.707078,,,#ffea00
Hotels,ES,Mar de Cristal,37.639045,-0.768726,,,#ffea00
Hotels,ES,Pensión Arosa - BARCELONA,41.38543,2.173522,2022,"{'@type': 'html', 'value': 'Заїзд неділя, 22 травня 2022 <br>Виїзд понеділок, 23 травня 2022 <br>€ 77'}",#ffea00
Hotels,ES,The Cathedral Hostel,37.986389,-1.129444,,,#ffea00
Hotels,ES,Valencia Aeropuerto ibis budget,39.493813,-0.469583,,,#ffea00
Hotels,,ES- Hotel Alda Centro Pamplona,42.818157,-1.649857,2022,"{'@type': 'html', 'value': '€ 74<br>Check-in\tWednesday, 21 December 2022 (14:00 - 00:00)<br>Check-out\tThursday, 22 December 2022 (00:00 - 12:00)'}",#ffea00
Hotels,FR,Aparthotel Adagio Access Paris Maisons-Alfort,48.814945,2.4187,,,#ffea00
Hotels,FR,Hôtel Gabriel,48.615482,-1.510862,2023,"2023, EUR 103, 2x, 1 night w/o breakfast",#ffea00
Hotels,FR,hotelF1 Metz Actipôle,49.115707,6.2515,,EUR 38,#ffea00
Hotels,FR,ibis budget Loriol Le Pouzin,44.756657,4.755835,2022,"{'@type': 'html', 'value': ""€ 88<br>Заїзд<br>п'ятниця, 1 квітня 2022 (з 12:00)<br>Виїзд<br>субота, 2 квітня 2022 (до 12:00)<br>Ваше бронювання<br>1 ніч, 2 номери""}",#ffea00
Hotels,FR,ibis budget Montpellier Nord,43.642312,3.844573,,,#ffea00
Hotels,FR,ibis Château de Fontainebleau,48.404268,2.698091,,,#ffea00
Hotels,FR,ibis Paris 17 Clichy-Batignolles,48.892315,2.314736,2023,"2023, 2x, 2 night = EUR 242, w/o breakfast",#ffea00
Hotels,FR,"Lourdes, Hotel Mediterranee",43.092869,-0.053914,2012,2012. 2 rooms x 2 days = € 282,#ffea00
Hotels,FR,"Paris, ibis budget Paris Clichy Mairie",48.902495,2.308208,2019,2019/20. 4 nights = € 302,#ffea00
Hotels,FR,"Prévessin-Moëns, Hôtel Première Classe Genève - Aéroport",46.248563,6.088062,,,#ffea00
Hotels,GE,"Batumi, Paragraph Resort & Spa Shekvetili, Autograph Collection",41.953478,41.765091,2018,,#ffea00
Hotels,GE,Gudauri Loft Hotel Ski Resort,42.465217,44.484404,2019,,#ffea00
Hotels,GR,"Crete, Amirandes Grecotel Exclusive Resort",35.335301,25.324143,2016,2016.,#ffea00
Hotels,GR,Electra Metropolis Athens,37.975103,23.732151,,,#ffea00
Hotels,HK,Regal Hongkong Hotel,22.279153,114.186825,,,#ffea00
Hotels,HR,"Pula, Horizon Resort apartment",44.845024,13.833888,2011,,#ffea00
Hotels,HU,60-as Fogado (Budapest fele),47.687777,19.741174,,,#ffea00
Hotels,HU,Székesfehérvár Panama Motel,47.187345,18.453489,,,#ffea00
Hotels,IE,Russell Court Hotel,53.335951,-6.263529,,,#ffea00
Hotels,IL,Blue Bay Hotel,32.35072,34.85527,,,#ffea00
Hotels,IL,Zion Hotel,31.782078,35.21865,2014,"{'@type': 'html', 'value': 'US$242.25     3 nights,<br>Tuesday, 13 May 2014 - Friday, 16 May 2014'}",#ffea00
Hotels,IT,B&B HOTEL Riviera Celle Ligure,44.343062,8.544384,2012,2012.,#ffea00
Hotels,IT,B&B Hotel Roma Pietralata Tiburtina,41.914636,12.554363,2019,"{'@type': 'html', 'value': ""€ 318,51<br>Ваше бронювання\t5 ночей, 1 номер<br>Заїзд\tп'ятниця, 10 травня 2019 (14:00 - 23:00)<br>Виїзд\tсереда, 15 травня 2019 (00:00 - 12:00)""}",#ffea00
Hotels,,"It - Bologna, Astoria Hotel",44.503435,11.337815,2019,"{'@type': 'html', 'value': ""€ 99,36 <br>1 ніч, 1 номер<br>Заїзд\tчетвер, 9 травня 2019 (12:00 - 00:00)<br>Виїзд\tп'ятниця, 10 травня 2019 (до 12:00)""}",#ffea00
Hotels,IT,J24 Hotel Milano,45.497413,9.180725,,,#ffea00
Hotels,IT,"Milan, Hostel California",45.49004,9.225795,,,#ffea00
Hotels,IT,Verona Hotel Stadio San Bonifacio,45.400401,11.277314,,"{'@type': 'html', 'value': 'Реєстрація заїзду:\tСереда, 8 серпня 12 р., реєстрація заїзду 12:00 – 00:00<br>Реєстрація виїзду:\tЧетвер, 9 серпня 12 р., реєстрація виїзду 07:30 – 10:00<br>Кількість\t<br>2 rooms<br>Загальна вартість номеру\t€ 114.00'}",#ffea00
Hotels,KZ,Astana. Brown Hotel,51.166522,71.43164,,,#ffea00
Hotels,ME,Rafailovici,42.280255,18.883371,,,#ffea00
Hotels,NL,ibis Schiphol Amsterdam Airport,52.325148,4.793954,,,#ffea00
Hotels,NO,"Oslo Radisson Blu Hotel, Alna",59.930151,10.868261,,"{'@type': 'html', 'value': 'EUR 235, 2 nights with braekfast<br>para dos personas'}",#ffea00
Hotels,OM,The St. Regis Al Mouj Muscat Resort,23.618581,58.285187,,,#ffea00
Hotels,PL,Apart Home Bieszczady,49.448182,22.386308,2025,,#ffea00
Hotels,PL,Dziwnów - Holiday Resort and Bungalows - CUL,54.030148,14.771692,,,#ffea00
Hotels,PL,Hampton by Hilton Warsaw Reduta,52.211886,20.94802,,,#ffea00
Hotels,PL,Hotel Cztery Pory Roku,50.118972,21.970376,2025,,#ffea00
Hotels,PL,Hotel Mark,52.36476,21.138424,,,#ffea00
Hotels,PL,ibis budget Wroclaw Stadion,51.138268,16.946644,,"{'@type': 'html', 'value': 'EUR 85 ! (PLN 350)<br>with breakfast'}",#ffea00
Hotels,PL,"Kolbuszowa, Dom weselny i Hotel Dworek ***",50.24155,21.779435,2022,"{'@type': 'html', 'value': ""Заїзд<br>п'ятниця, 25 лютого 2022 (14:00 - 23:00)<br>Виїзд<br>субота, 26 лютого 2022 (07:00 - 11:00)<br>2 номери. 458 zł""}",#ffea00
Hotels,,"PL - Legnickie Pole, Hotel Dworek",51.156046,16.23115,2022,,#ffea00
Hotels,PL,Novotel Kraków City West,50.069954,19.89783,,2026_1 Night. 3 breakfast. 1 car. PLN 556.20,
Hotels,PL,Nysa Franciszkańska 10,50.485569,17.345533,,,#ffea00
Hotels,PL,"Wrocław, Hotel Śląsk",51.097295,16.998096,2022,"{'@type': 'html', 'value': 'Заїзд<br>неділя, 27 лютого 2022 (з 14:00)<br>Виїзд<br>понеділок, 28 лютого 2022 (до 12:00)<br>2 номери. 342,72 zł'}",#ffea00
Hotels,PT,"Lisboa, Residencial Lar do Areeiro",38.742046,-9.133994,2015,"{'@type': 'html', 'value': 'понеділок, 31 серпня 2015<br>вівторок, 1 вересня 2015<br>€ 62'}",#ffea00
Hotels,RO,Cerdac Cotești,45.634041,27.129564,,,#ffea00
Hotels,RO,Ramada Plaza by Wyndham RO - Bucharest Convention Center,44.480514,26.062177,2021,2021. EURO,#ffea00
Hotels,SE,ProfilHotels | Garden,55.60454,13.003822,,,#ffea00
Hotels,SK,Horský hotel Hutník,48.889876,20.891424,2010,,#ffea00
Hotels,SK,Penzion a restaurace Raimund,49.123979,20.246353,2026,2026. 2 nights. 2x3 breakfasts. 1 car. EUR € 177.90,
Hotels,TR,Imperial Hotel,36.691888,30.570956,,,#ffea00
Hotels,UA,Patriot,46.935004,37.203518,,,#ffea00
Hotels,UA,"Radisson Blu Resort, Bukovel",48.362882,24.414272,,,#ffea00
Hotels,UA,Solva Resort & SPA,48.62366,22.935132,,,#ffea00
Hotels,UA,Артек,44.551018,34.298547,,,#ffea00
Hotels,,UA - база відпочинку Департамент фінансів на озері Cвітязь,51.508378,23.893493,,,#ffea00
Hotels,UA,"Біла Церква, City Park Hotel",49.794547,30.115704,,,#ffea00
Hotels,UA,Вишгород Sobi club,50.585381,30.539796,,,#ffea00
Hotels,UA,"Вінниця, готель Гостинний двір",49.212035,28.429242,,,#ffea00
Hotels,UA,Гелікон,49.802914,23.980236,2014,10.05.2014,#ffea00
Hotels,UA,Готель Атлас Донецьк,48.009544,37.817484,,,#ffea00
Hotels,UA,Готель Ужгород,48.621242,22.286454,,,#ffea00
Hotels,UA,Готель Хотин,48.504254,26.48917,,,#ffea00
Hotels,UA,Джинтама Бріз,50.813341,30.377399,,Делойт тренінги,#ffea00
Hotels,UA,Євпаторія Natsional'nyy Olimpiyskiy Tsentr,45.176659,33.31349,,,#ffea00
Hotels,UA,"Ірпінь, Grand Admiral Resort & SPA",50.540906,30.27231,,,#ffea00
Hotels,UA,"Київ, готель Борисфен",50.49641,30.537106,,,#ffea00
Hotels,UA,"Любомиль, готель Euro",51.203564,24.043723,,,#ffea00
Hotels,UA,Моршин. Динамо,49.150705,23.875706,,,#ffea00
Hotels,UA,"Мукачево. Готель ""Карпатський мисливець""",48.476259,22.718091,2007,,#ffea00
Hotels,UA,"Одеса, готель Gagarinn",46.432369,30.76159,,,#ffea00
Hotels,UA,"Одеса, готель Айвазовський",46.480797,30.741505,,,#ffea00
Hotels,UA,"Одеса, готель Аркадія",46.437252,30.757222,,,#ffea00
Hotels,UA,"Одеса, готель Брістоль",46.481239,30.743131,,,#ffea00
Hotels,UA,"Одеса, готель Марлін",46.481446,30.745285,,,#ffea00
Hotels,UA,Санаторій Карпати,48.433626,24.538793,,МІЖНАРОДНА КАРПАТСЬКА СТРАХОВА КОНФЕРЕНЦІЯ,#ffea00
Hotels,UA,Санаторій Очаків,46.616463,31.530483,,,#ffea00
Hotels,UA,Трускавець. Mirotel Resort & Spa,49.280304,23.505087,,,#ffea00
Hotels,UA,Трускавець. ЛІсова Пісня,49.285171,23.497958,,,#ffea00
Hotels,UA,Тухля. Відпочинковий комплекс Greenwood,48.909731,23.470476,,,#ffea00
Hotels,UA,Шинок на мітлі,49.201201,32.446675,,,#ffea00
Hotels,,"UA- Южне, Еллада готель",46.620061,31.100227,,,#ffea00
Hotels,GB,"100 Queen's Gate Hotel London, Curio Collection by Hilton",51.492385,-0.178718,2023,2023. GBP 310 /night,#ffea00
Hotels,GB,City Lodge Hotel London,51.528481,-0.018668,2022,2022 EUR 123 per night,#ffea00
Hotels,,UK - Howard Winchester Hotel,51.529451,-0.121973,,,#ffea00
Hotels,GB,Leonardo Royal London Tower Bridge,51.511761,-0.071567,,,#ffea00
Hotels,GB,The Bermondsey Square Hotel,51.497719,-0.081316,,,#ffea00
Hotels,GB,Thistle Trafalgar Square,51.509097,-0.130134,,,#ffea00
Hotels,US,HI Los Angeles Santa Monica Hostel,34.014112,-118.496371,,"{'@type': 'html', 'value': 'Thu 3/01/08:<br> Dorm (4 beds): 1 people | cost USD 25.00 | total USD 25.00<br>Fri 4/01/08:<br> Dorm (4 beds): 1 people | cost USD 25.00 | total USD 25.00<br>Sat 5/01/08:<br> Dorm (4 beds): 1 people | cost USD 25.00 | total USD 25.00<br><br>Total: USD 75.00'}",#ffea00
Hotels,,US -citizenM Washington DC NoMa hotel,38.906658,-77.006269,,,#ffea00
Hotels,,Wellness Hotel Chopok,49.019186,19.576676,,,
Transport,AT,Wien Hauptbahnhof,48.185187,16.376597,,,#1a237e
Transport,CH,Basel SBB Station,47.547523,7.589624,,,#1a237e
Transport,CH,Caslano,45.97774,8.876289,,,#1a237e
Transport,CH,Felsenegg,47.310143,8.507407,,,#9c27b0
Transport,CH,Kilchberg ZH,47.322556,8.551782,,,#01579b
Transport,CH,Uetliberg,47.351948,8.487672,,,#01579b
Transport,CH,Zürich Bürkliplatz,47.366016,8.540524,,,#01579b
Transport,CH,Zurich HB,47.378146,8.540252,,,#1a237e
Transport,CZ,Prague Main Bus Terminal (Florenc),50.089373,14.440936,,,#4e342e
Transport,DE,Duisburg Hbf,51.429657,6.776925,,,#1a237e
Transport,DE,Düsseldorf Central Station,51.220115,6.792728,,,#1a237e
Transport,DE,Friedrichshafen City,47.65296,9.473785,,,#1a237e
Transport,DE,Lindau-Insel,47.544199,9.681285,,,#1a237e
Transport,DE,München Hbf,48.14029,11.559998,,,#1a237e
Transport,DE,Uhldingen-Mühlhofen,47.736738,9.248376,,,#1a237e
Transport,DK,Billund Centret,55.73138,9.118663,,,#01579b
Transport,DK,Det Kongelige Bibliotek (Københavns Havn),55.672196,12.58069,,,#01579b
Transport,DK,Flixbus Stop,55.670153,12.565466,,,#4e342e
Transport,DK,København H,55.672768,12.564812,,,#1a237e
Transport,DK,Nordre Toldbod (Københavns Havn),55.688169,12.599597,,,#01579b
Transport,DK,Odense Railway Station Center,55.402404,10.385663,,,#1a237e
Transport,DK,Roskilde Station,55.639215,12.08904,,,#01579b
Transport,DK,Vejle Station,55.706667,9.536509,,,#1a237e
Transport,,DK DFDS Copenhagen,55.701272,12.595973,,,#01579b
Transport,ES,Alicante bus station,38.337536,-0.491511,,,#4e342e
Transport,ES,Barcelona-Sants,41.378998,2.139913,,,#1a237e
Transport,ES,Caldes de Malavella,41.841098,2.800765,,,#1a237e
Transport,ES,Córdoba,37.888489,-4.789525,,,#1a237e
Transport,ES,Estació Autobusos València,39.481169,-0.388378,,,#4e342e
Transport,ES,Estacion de Autobuses Murcia,37.985438,-1.13934,,,#4e342e
Transport,ES,Estación Madrid - Puerta de Atocha,40.405027,-3.688313,,,#1a237e
Transport,ES,Madrid Estación de Chamartín,40.471452,-3.681995,,,#1a237e
Transport,ES,Sant Feliu de Guíxols,41.780877,3.02219,,,#4e342e
Transport,ES,Sevilla Santa Justa,37.391863,-5.975339,,,#1a237e
Transport,ES,València Joaquín Sorolla,39.459969,-0.381748,,,#1a237e
Transport,FR,Fontainebleau - Avon,48.416403,2.72647,,,#1a237e
Transport,FR,Gare de Granville,48.838694,-1.587299,2023,,#1a237e
Transport,FR,Gare Montparnasse,48.840828,2.320197,,,#1a237e
Transport,FR,Gare Pontorson - Mont-Saint-Michel,48.552751,-1.504963,2023,,#1a237e
Transport,FR,Mairie,43.29588,5.3704,,,#01579b
Transport,FR,"Marseille, Place aux Huiles",43.29346,5.37109,,,#01579b
Transport,FR,Melun,48.527734,2.655133,,,#1a237e
Transport,FR,Paris. Bercy Bus Station,48.836028,2.380236,2023,2023. Flixbus to Girona Airport,#4e342e
Transport,GE,Dresden Central Station,51.040503,13.731419,,,#1a237e
Transport,HK,Hong Kong Macau Ferry,22.289572,114.15282,,,#01579b
Transport,HU,Budapest-Keleti,47.500442,19.083988,,,#1a237e
Transport,HU,Budapest-Nyugati,47.510499,19.057777,,,#1a237e
Transport,HU,Gödöllő,47.592462,19.358323,,,#1a237e
Transport,HU,Záhony,48.402023,22.183724,,,#1a237e
Transport,IE,Howth Cliff Cruises | Ireland's Eye Ferries (landing) | Howth Sunset Cruises,53.392514,-6.068333,,,#1a237e
Transport,IL,Netanya Rail Station,32.320312,34.86905,,,#1a237e
Transport,IL,Yerushalayim/Yits'hak Navon,31.788149,35.202575,,,#1a237e
Transport,IT,Bergamo,45.690424,9.675034,,,#1a237e
Transport,IT,Bologna Centrale,44.505907,11.343369,,,#1a237e
Transport,IT,Napoli Centrale,40.85287,14.272624,,,#1a237e
Transport,IT,Roma Termini,41.901287,12.501576,,,#1a237e
Transport,IT,Stazione Centrale di Milano,45.485322,9.203724,,,#1a237e
Transport,IT,Stazione di Venezia Santa Lucia,45.44107,12.321044,,,#1a237e
Transport,IT,Venezia Porto Marghera railway station,45.4725,12.2561,,,#1a237e
Transport,MD,Gara Auto de Nord Chisinau,47.025489,28.86187,,,#4e342e
Transport,MO,Macau Ferry Terminal & Heliport,22.197085,113.559097,,,#01579b
Transport,NL,Amsterdam Centraal railway station,52.379053,4.900362,,,#1a237e
Transport,NL,Eindhoven Centraal,51.443135,5.480539,,,#1a237e
Transport,NL,FlixBus Shop Amsterdam Sloterdijk,52.390013,4.838421,,,#01579b
Transport,NL,Venlo,51.365208,6.171574,,,#1a237e
Transport,NO,DFDS Oslo Terminal,59.902885,10.743153,,,#01579b
Transport,NO,Oslo Bussterminal,59.91029,10.76277,,,#424242
Transport,PL,Lublin Główny,51.231534,22.568648,,,#1a237e
Transport,PL,"Nysa, ul. Bema",50.476745,17.340287,,,#4e342e
Transport,PL,Przemyśl Główny,49.783527,22.776375,,,#1a237e
Transport,PL,Rzeszow Bus Station,50.042296,22.004907,,,#4e342e
Transport,PL,Warszawa Zachodnia,52.222048,20.961369,,,#1a237e
Transport,PL,Wrocław Główny,51.098761,17.036521,,,#1a237e
Transport,PT,"Lisboa, Estação do Oriente",38.767842,-9.099345,2015,"{'@type': 'html', 'value': '01.09.2015 Bus EXPORTBUS | Normal<br>21:15 Lisbon Lisboa Oriente - 06:45 Madrid Madrid Estacion Sur<br>Total (tax included) € 78,00 (3 pas)'}",#4e342e
Transport,RU,Москва Kiyevsky railway station,55.743087,37.56673,,,#1a237e
Transport,RU,Порт Кавказ,45.338951,36.674065,,,#01579b
Transport,SE,Flixbus Stop,55.607908,13.000087,,,#4e342e
Transport,SE,Malmö Centralstation,55.609067,12.999923,,,#1a237e
Transport,SK,Bratislava hl.st.,48.158678,17.106206,,,#1a237e
Transport,SK,Kosice,48.72268,21.267779,,,#1a237e
Transport,SK,Krompachy,48.921163,20.886237,,,#1a237e
Transport,UA,Kyiv Main bus station,50.406471,30.519529,,,#4e342e
Transport,UA,Lviv Railway Station,49.839932,23.993766,,,#1a237e
Transport,UA,Добротвір (залізнична станція),50.19855,24.35101,,,#1a237e
Transport,UA,Івано-Франківськ (залізничний вокзал),48.925274,24.723526,,,#1a237e
Transport,UA,Керч порт,45.359976,36.47807,,,#01579b
Transport,UA,Київ Залізничний вокзал,50.440495,30.489634,,,#1a237e
Transport,UA,Львів. Автовокзал,49.78675,24.016806,,,#4e342e
Transport,UA,Миколаїв (залізничний вокзал),46.938396,32.061864,,,#1a237e
Transport,UA,Одеса Головна (залізничний вокзал),46.467731,30.740548,,,#1a237e
Transport,UA,Сімферополь (залізничний вокзал),44.96177,34.082442,,,#1a237e
Transport,UA,Ужгород (залізничний вокзал),48.608836,22.300354,,,#1a237e
Transport,UA,Харків (залізничний вокзал),49.989577,36.204338,,,#1a237e
Transport,UA,Херсон (залізничний вокзал),46.656256,32.604873,,,#1a237e
Transport,UA,Чоп,48.432477,22.205563,,,#1a237e
Transport,GB,London Blackfriars,51.511473,-0.103125,,,#1a237e
Transport,GB,Saint Pancras Station,51.530876,-0.125784,,,#1a237e
Transport,US,Fairhaven Station,48.72046,-122.511107,,,#1a237e
Transport,US,Seattle King Street Station,47.598389,-122.329909,,,#1a237e
Transport,US,Union Station DC,38.896989,-77.006383,,,#1a237e
Transport,US,"Union Station Raleigh, NC",35.77726,-78.647365,,,#1a237e
Ski,CH,Titlis Engelberg (2428),46.7825,8.417778,2021,,#bdbdbd
Ski,SK,Kubínska,49.250134,19.265814,2003,,#bdbdbd
Ski,SK,Plejsy (1025m),48.899156,20.891688,,,#bdbdbd
Ski,UA,Буковель (1372м),48.360278,24.392222,,,#bdbdbd
Ski,UA,Плай (800м),48.899334,23.283501,,,#bdbdbd
Ski,UA,Тростян (1232m),48.856696,23.389646,,,#bdbdbd
Ski,US,Holiday Valley (690m),42.262581,-78.667397,,,#bdbdbd
Ski,US,Mt. Baker (1550m),48.857292,-121.666662,,,#bdbdbd
Border_Crossing,,HU-HR Letenye - Goričan,46.420232,16.698146,,,#000000
Border_Crossing,,HU-RS Röszke - Хоргош,46.173328,19.976617,,,#000000
Border_Crossing,,RO-BG Giurgiu - Ruse,43.887234,26.007302,,,#000000
Border_Crossing,,RO-BG Negru Voda,43.787386,28.149197,,,#000000
Border_Crossing,,UA-BY Піща - Олтуш,51.641333,23.877628,,,#000000
Border_Crossing,,UA-BY Пулемець - Томашівка,51.574392,23.697305,,,#000000
Border_Crossing,,UA-HU Лужанка - Beregsurány,48.16572,22.573937,,,#000000
Border_Crossing,,UA-HU Чоп - Záhony,48.41755,22.169779,,,#000000
Border_Crossing,,UA-HU Чоп - Záhony (rail),48.415144,22.185125,,,#000000
Border_Crossing,,UA-MD* Платонове,47.405734,29.333509,,,#000000
Border_Crossing,,UA-PL Краковець - Korczowa,49.955298,23.11644,,,#000000
Border_Crossing,,UA-PL Рава руська - Hrebenne,50.27664,23.588567,,,#000000
Border_Crossing,,UA-PL Шегині - Medyka,49.79909,22.950045,,,#000000
Border_Crossing,,UA-PL Ягодин-Dorohusk,51.188093,23.81045,,,#000000
Border_Crossing,,UA-RO Порубне - Siret,47.988715,26.060037,,,#000000
Border_Crossing,,UA-RU Керч - Кавказ,45.356281,36.476914,,,#000000
Border_Crossing,,UA-RU Новоазовськ - Веселовознесенка,47.159735,38.234996,,,#000000
Border_Crossing,,UA-RU Хутір Михайлівський (rail),52.201274,34.025175,,,#000000
Border_Crossing,,UA-SK Ужгород - Vyšné Nemecké,48.653912,22.269882,,,#000000
Car_Rentals,CY,Autorent M.C LTD - Larnaca,34.877145,33.598659,,,#0288d1
Car_Rentals,OM,Alamo Rent A Car - Muscat Airport,23.60075,58.289573,,,#0288d1
Car_Rentals,PL,ACE Rent A Car,52.170594,20.974291,,,#0288d1
Car_Rentals,PL,Hertz Car Rental,52.172328,20.972442,,,#0288d1
Car_Rentals,US,Enterprise Rent-A-Car,34.193023,-118.350151,2008,,#0288d1
Car_Rentals,,"קאנטרי שרותי ליסינג בע""מ - IS‎",32.329637,34.849842,2014,,#0288d1
