file,mode,name,date,distance_km,notes,id,source,original_file,original_sha256,min_altitude_m,max_altitude_m,original_points,map_points,simplify_degrees
drive__0000_GraphHopper-Track.gpx,drive,Lviv Urban Hromada → Mykolaiv Urban Hromada,,41.2,,r-62c7ac1041384c3d9920ea939b5ef3c7,,,,,,,,
drive__0001_GraphHopper-Track.gpx,drive,Dobrotvir Settlement Hromada → Kulykiv Settlement Hromada,,38.4,,r-63704e8ed6dd4e0f8ea317734122b3b0,,,,,,,,
drive__0002_GraphHopper-Track.gpx,drive,Тамашоўскі сельскі Савет → Олтушскі сельскі Савет,,142.8,,r-b52191712d0846ce9b81857a9aab75c4,,,,,,,,
drive__0003_GraphHopper-Track.gpx,drive,Lviv Urban Hromada → Shatsk Settlement Hromada,,247.7,,r-cfc90db699b7480199d53755fd526802,,,,,,,,
drive__0004_GraphHopper-Track.gpx,drive,Lviv Urban Hromada → Skhidnytsia Settlement Hromada,,109.8,,r-351a0789b7694bceaf87df9725379f3b,,,,,,,,
drive__0005_GraphHopper-Track.gpx,drive,Lviv Urban Hromada → Kosmach Rural Hromada,,233.8,,r-7d13c2b20037481fa25947567875fae5,,,,,,,,
drive__0006_GraphHopper-Track.gpx,drive,Lviv Urban Hromada → Ivano-Frankove Settlement Hromada,,19.3,,r-e60ab7eb471440afa7ac78874138cf90,,,,,,,,
drive__0007_GraphHopper-Track.gpx,drive,Chaplynka settlement hromada → Oleshky urban hromada,,101.8,,r-1a8490cc4eba4d9ab54d1dc4f2981990,,,,,,,,
drive__0008_GraphHopper-Track.gpx,drive,Askania-Nova settlement hromada → Hryhorivka rural hromada,,62.6,,r-2afcd681e4b048bf9d0d995dd534420e,,,,,,,,
drive__0009_GraphHopper-Track.gpx,drive,Kyiv → Ukrainka Urban Hromada,,69.4,,r-69ba31d1408d482c9e1f44aef29ddd4b,,,,,,,,
drive__0010_GraphHopper-Track.gpx,drive,Irpin Urban Hromada → Kyiv,,24.8,,r-3d61f2a00cdf44629575cfb26d29fbff,,,,,,,,
drive__0011_GraphHopper-Track.gpx,drive,Kyiv → Зазимська сільська громада,,47.1,,r-c6c975a2079e42ca8a4eb7f7dafa5ace,,,,,,,,
drive__0012_GraphHopper-Track.gpx,drive,Kyiv → Novi Petrivtsi Rural Hromada,,32.6,,r-d542855214e744cfac35952eb8b874f1,,,,,,,,
drive__0013_GraphHopper-Track.gpx,drive,городской округ Железноводск → Запорожское сельское поселение,,637.4,,r-f46901f30f6c4b93930806998fedb78b,,,,,,,,
drive__0014_GraphHopper-Track.gpx,drive,Kyiv → Dymer Settlement Hromada,,127.0,,r-86e599ef384a49fcb0560a49a95db243,,,,,,,,
drive__0015_GraphHopper-Track.gpx,drive,Lviv Urban Hromada → Zhovkva Urban Hromada,,34.6,,r-e2d066ee14a24dbe9568dc93deb49956,,,,,,,,
drive__0016_GraphHopper-Track.gpx,drive,Burbank → Los Angeles,,601.0,,r-2a13dcda0c2947edb3d1eae9d8abcc74,,,,,,,,
drive__0017_GraphHopper-Track.gpx,drive,Dobrotvir Settlement Hromada → Lviv Urban Hromada,,57.5,,r-c9033d40b4f84766be977ddf0bbbdc70,,,,,,,,
drive__0018_GraphHopper-Track.gpx,drive,Lviv Urban Hromada → Khust Urban Hromada,,309.1,,r-b4fbc691f7434e0e8fc272770b4d076f,,,,,,,,
drive__0019_GraphHopper-Track.gpx,drive,Kyiv → Ічнянська міська громада,,168.0,,r-debbe1b3483541e0918ce22c01b377d8,,,,,,,,
drive__0020_GraphHopper-Track.gpx,drive,Kyiv → Korostyshiv Urban Hromada,,115.6,,r-919bc1ac945b4dceb0417412d7a0381a,,,,,,,,
drive__0021_GraphHopper-Track.gpx,drive,Lviv Urban Hromada → Koziova Rural Hromada,,134.6,,r-3d139452ae53494ba84eb51727125a5d,,,,,,,,
drive__0022_GraphHopper-Track.gpx,drive,Kyiv → Radomyshl Urban Hromada,,114.6,,r-4396e2f3b5364976b2c43ab74b75ccf1,,,,,,,,
drive__0023_GraphHopper-Track.gpx,drive,Lviv Urban Hromada → Truskavets Urban Hromada,,80.9,,r-54cd377c70fe4a888fd5bb4a9edaefa8,,,,,,,,
drive__0024_GraphHopper-Track.gpx,drive,Kyiv → Vyshhorod Urban Hromada,,72.1,,r-4bed0fe88fc244c5a97250947abe4139,,,,,,,,
drive__0025_GraphHopper-Track.gpx,drive,Kyiv → Кароліно-Бугазька сільська громада,,526.2,,r-6ab2653a62eb4cc4bd741f7370c9899a,,,,,,,,
drive__0026_GraphHopper-Track.gpx,drive,Kyiv → Dymer Settlement Hromada,,53.0,,r-b5cb3f1afe7a4760bc6966416858b97a,,,,,,,,
drive__0027_GraphHopper-Track.gpx,drive,Kyiv → Obukhiv Urban Hromada,,53.3,,r-fe56814af09a488197e146e4c48854d2,,,,,,,,
drive__0028_GraphHopper-Track.gpx,drive,Lviv Urban Hromada → Pochaiv Urban Hromada,,134.2,,r-b975207aa5cd4dd9ac3c72067a0a0f10,,,,,,,,
drive__0029_GraphHopper-Track.gpx,drive,Lviv Urban Hromada → Pochaiv Urban Hromada,,140.7,,r-d64e1e98e386456381def2db0ddd7e8c,,,,,,,,
drive__0030_GraphHopper-Track.gpx,drive,Kyiv → Dymer Settlement Hromada,,36.9,,r-25e40b310dce4195b8b40e0396cf7a43,,,,,,,,
drive__0031_GraphHopper-Track.gpx,drive,Kyiv → Kozyn Settlement Hromada,,42.5,,r-79afa81b08f24be5828ad9893ed790d6,,,,,,,,
drive__0032_GraphHopper-Track.gpx,drive,Dromolaxia - Meneou Municipality → Larnaca,,97.4,,r-e8b1d559d0944034b86ef342c0df0624,,,,,,,,
drive__0033_GraphHopper-Track.gpx,drive,Bucha Urban Hromada → Kyiv,,24.7,,r-b2e9a2bfda244d6ab004b981726c9bc5,,,,,,,,
drive__0034_GraphHopper-Track.gpx,drive,Kyiv (loop),,282.3,,r-57f8a96750d74accb1f556750feaf0a9,,,,,,,,
drive__0035_GraphHopper-Track.gpx,drive,Kyiv → Obukhiv Urban Hromada,,48.6,,r-d61ba41508c74aa49efdab114450d875,,,,,,,,
drive__0036_GraphHopper-Track.gpx,drive,Cartagena (loop),,25.4,,r-2f59e622518c479b970e709d79540b3e,,,,,,,,
drive__0037_GraphHopper-Track.gpx,drive,Uhldingen-Mühlhofen → Friedrichshafen,,27.6,,r-c79202adbb4544cbbe7440f1aa5bc49a,,,,,,,,
drive__0038_GraphHopper-Track.gpx,drive,Sant Feliu de Guíxols → Salt,,32.4,,r-65920b264b244401a17726dfa9ff4477,,,,,,,,
drive__0039_GraphHopper-Track.gpx,drive,Uhldingen-Mühlhofen → Constance,,58.9,,r-a519eac0d74e4ed5adbc91cf96739b0b,,,,,,,,
drive__0040_GraphHopper-Track.gpx,drive,Kyiv → Парафіївська селищна громада,,184.9,,r-b60153daa26d491da7bffbeaafe5b677,,,,,,,,
drive__0041_GraphHopper-Track.gpx,drive,Argentona → la Roca del Vallès,,13.1,,r-c4f09cf2651440f38f826c583a05fa44,,,,,,,,
drive__0042_GraphHopper-Track.gpx,drive,Sant Feliu de Guíxols → Vilobí d'Onyar,,35.6,,r-8caad4506ccf4874bdab7a9a4a4ab1b1,,,,,,,,
drive__0043_GraphHopper-Track.gpx,drive,Cartagena → San Javier,,24.7,,r-1277f70ad5514ac98f237446b403568a,,,,,,,,
drive__0044_GraphHopper-Track.gpx,drive,Sant Feliu de Guíxols (loop),,18.0,,r-ac7dc0dbb779485e9a008b6d9bebd29d,,,,,,,,
drive__0045_GraphHopper-Track.gpx,drive,Sant Feliu de Guíxols → Lloret de Mar,,38.4,,r-8b9af521cf3e408c982e4df6f87e56aa,,,,,,,,
drive__0046_GraphHopper-Track.gpx,drive,Sant Feliu de Guíxols → Palamós,,19.7,,r-0a27119848eb4f4b9421628078ec3510,,,,,,,,
drive__0047_GraphHopper-Track.gpx,drive,Sant Feliu de Guíxols → Torroella de Montgrí,,42.8,,r-8e4053df50054ab7b3054ebe8ffc1691,,,,,,,,
drive__0048_GraphHopper-Track.gpx,drive,Warsaw → Pustelnik,,56.3,,r-ea4f0e0380e44921aaf46618b0747bd3,,,,,,,,
drive__0049_GraphHopper-Track.gpx,drive,Kyiv (loop),,254.6,,r-5afee87e42784762a88c96529f167e8f,,,,,,,,
drive__0050_GraphHopper-Track.gpx,drive,Kyiv → Warsaw,,792.8,,r-04da1c8f424d45a28b0c2c0fe715e92a,,,,,,,,
drive__0051_GraphHopper-Track.gpx,drive,Sant Feliu de Guíxols → el Prat de Llobregat,,122.8,,r-d87d466916444e819328e8f20b192979,,,,,,,,
drive__0052_GraphHopper-Track.gpx,drive,Kerch → Chaplynka settlement hromada,,485.0,,r-6a11600599c5423d903f6f55618c3733,,,,,,,,
drive__0053_GraphHopper-Track.gpx,drive,Lviv Urban Hromada → Pyiterfolvo Rural Hromada,,292.4,,r-e6fbd26dd4cb4c3fb8569d74e76d4051,,,,,,,,
drive__0054_GraphHopper-Track.gpx,drive,Kherson urban hromada → Lviv Urban Hromada,,900.9,,r-fda8e41cbfd0474786a5217c5a3696e4,,,,,,,,
drive__0055_GraphHopper-Track.gpx,drive,Gouves Municipal Unit → Municipality of Apokoronas,,119.2,,r-ff5c4416d3db49ea8e1db130a393bcf7,,,,,,,,
drive__0056_GraphHopper-Track.gpx,drive,Kyiv → Чигиринська міська громада,,310.9,,r-10914bc950284b608782fc7cf56932b9,,,,,,,,
drive__0057_GraphHopper-Track.gpx,drive,Sant Feliu de Guíxols (loop),,211.6,,r-0725be99db084489ac62cfeab13dec6f,,,,,,,,
drive__0058_GraphHopper-Track.gpx,drive,Lviv Urban Hromada (loop),,227.5,,r-78a2ce03c14041109bb43baa4e27bb20,,,,,,,,
drive__0059_GraphHopper-Track.gpx,drive,Uhldingen-Mühlhofen → Schwangau,,149.7,,r-b08ff04308c84ef3bc9dedad52f81e1d,,,,,,,,
drive__0060_GraphHopper-Track.gpx,drive,Kyiv → Solotvyn Settlement Hromada,,656.5,,r-31c441c788b042c1bd99b48c11a7002c,,,,,,,,
drive__0061_GraphHopper-Track.gpx,drive,Warsaw → Oława,,354.2,,r-b7a5edc25dc84811976dd2b166fd7484,,,,,,,,
drive__0062_GraphHopper-Track.gpx,drive,Seeb Province → Ad Dakhiliyah Governorate,,172.7,,r-ecd584f3530a4aa5a87e89a2facaac22,,,,,,,,
drive__0063_GraphHopper-Track.gpx,drive,Sant Feliu de Guíxols (loop),,280.4,,r-bf39fa05ec834193910e7c4cbfaf83a8,,,,,,,,
drive__0064_GraphHopper-Track.gpx,drive,Zwierzyń → Polańczyk,,134.6,,r-f519bfe76172439e83fd56c19f6201ad,,,,,,,,
drive__0065_GraphHopper-Track.gpx,drive,Warsaw → Przemyśl,,413.8,,r-5fe68b120aec495d95b51289374b5980,,,,,,,,
drive__0066_GraphHopper-Track.gpx,drive,Warsaw → Zalesie Górne,,31.2,,r-975bea8673c34a28a4666defcddce8ec,,,,,,,,
drive__0067_GraphHopper-Track.gpx,drive,Netanya → Tamar Regional Council,,460.8,,r-0e69326cdde147a5a8c141089349b5d0,,,,,,,,
drive__0068_GraphHopper-Track.gpx,drive,Kyiv → Lviv Urban Hromada,,819.9,,r-2e4fa7fa933e41679821de331cdb43eb,,,,,,,,
drive__0069_GraphHopper-Track.gpx,drive,Lviv Urban Hromada (loop),,612.4,,r-32fadd6219ed4f768524c03347200f14,,,,,,,,
drive__0070_GraphHopper-Track.gpx,drive,Ayia Napa (loop),,347.8,,r-46a7f3fa03704fffac72fce4df8cc9ad,,,,,,,,
drive__0071_GraphHopper-Track.gpx,drive,Warsaw → Brzeg,,472.3,,r-840c36f06f4d4f2d8c6df9b2148bb556,,,,,,,,
drive__0072_GraphHopper-Track.gpx,drive,Kyiv → Balice,,894.5,,r-c500a9f287b9434e81044afb12151ef4,,,,,,,,
drive__0073_GraphHopper-Track.gpx,drive,Madrid → Sant Feliu de Guíxols,,711.5,,r-c2e02055d75741ad8c4f2b3a7fe824d8,,,,,,,,
drive__0074_GraphHopper-Track.gpx,drive,Cartagena → Villanueva de la Cañada,,765.0,,r-424ae06738964273aeaf17697896c490,,,,,,,,
drive__0075_GraphHopper-Track.gpx,drive,Sant Feliu de Guíxols → Cartagena,,770.7,,r-2a9c55e5226440f9af5f7adb753612ef,,,,,,,,
drive__0076_GraphHopper-Track.gpx,drive,Sant Feliu de Guíxols → Carcassonne,,784.4,,r-491923321978477bbcff978c7437ce87,,,,,,,,
drive__0077_GraphHopper-Track.gpx,drive,Sant Feliu de Guíxols (loop),,916.8,,r-e19cf068e87a40108f37d2a3e77ace78,,,,,,,,
drive__0078_GraphHopper-Track.gpx,drive,Lviv Urban Hromada → городской округ Железноводск,,1996.1,,r-d7441de36c4b47cc98ad57d11a428d49,,,,,,,,
drive__0079_GraphHopper-Track.gpx,drive,Santa Cristina d'Aro (loop),,472.8,,r-919c4ff15c9b45b29cb9b944ac7bb972,,,,,,,,
drive__0080_GraphHopper-Track.gpx,drive,Uhldingen-Mühlhofen → Santa Cristina d'Aro,,1065.0,,r-a1888030111d4c6a8f581ed2e74e8ac4,,,,,,,,
drive__0081_GraphHopper-Track.gpx,drive,Warsaw (loop),,17.1,,r-0cdc4dbd42ab4ca3b59311c6cd91fba7,,,,,,,,
drive__0083_GraphHopper-Track.gpx,drive,Warsaw → Poznan,,309.7,,r-7241917f1c644cfb85c52203390ca0b4,,,,,,,,
drive__0084_GraphHopper-Track.gpx,drive,Brzeg (loop),,255.0,,r-f2bbad97dde34714ae3c0843f4d9337a,,,,,,,,
drive__0085_GraphHopper-Track.gpx,drive,Kyiv → Uhldingen-Mühlhofen,,2143.8,,r-b449491e20aa49f9b8a383b5c92e9a52,,,,,,,,
drive__0086_GraphHopper-Track.gpx,drive,Sant Feliu de Guíxols (loop),,1573.0,,r-db39f2fb178444bb80b010cc2d118114,,,,,,,,
drive__0087_GraphHopper-Track.gpx,drive,Seeb Province (loop),,143.4,,r-ab65440a17bc4febb8f5992471f8f979,,,,,,,,
drive__0090_GraphHopper-Track.gpx,drive,Lviv Urban Hromada → Grad Pula,,1824.1,,r-262e7be5861f4332bc0a6753f9291806,,,,,,,,
drive__0091_GraphHopper-Track.gpx,drive,Lviv Urban Hromada (loop),,2404.8,,r-f2f16581fec2484cb221460a59ca39e6,,,,,,,,
drive__0092_GraphHopper-Track.gpx,drive,Warsaw → Lipków,,18.7,,r-defa8a862bb44e259c3dca0d62b20a9e,,,,,,,,
drive__0093_GraphHopper-Track.gpx,drive,Warsaw → Czarnowo,,45.8,,r-fdae2663e9be4c8387de453da0b4aa3b,,,,,,,,
drive__0094_GraphHopper-Track.gpx,drive,Warsaw → Rzeszów,,357.5,,r-4150dd95d2944b61ae8ec6699fd68533,,,,,,,,
drive__0095_GraphHopper-Track.gpx,drive,Głogów Małopolski → Zwierzyń,,165.5,,r-463953451ea44dacbc8ab134d6c20992,,,,,,,,
drive__0096_GraphHopper-Track.gpx,drive,Zwierzyń → Warsaw,,488.5,,r-97dd3b6d94eb4400874cb25b2950ade8,,,,,,,,
drive__0097_GraphHopper-Track.gpx,drive,Warsaw → Vienna,,686.9,,r-8c88f6c215c64e84ba1d7f5ea55df155,,,,,,,,
drive__0099_GraphHopper-Track.gpx,drive,Muscat Governorate (loop),,23.6,,r-a996bae4be714c92bbf63e44167c19e8,,,,,,,,
drive__0100_GraphHopper-Track.gpx,drive,Lviv Urban Hromada → Székesfehérvár,,648.9,,r-e43580068f83421e80f3655da84722ca,,,,,,,,
drive__0101_GraphHopper-Track.gpx,drive,Warsaw → Krakow,,298.7,,r-6a15cd7c546a4aeaaa0c232dac7c2ade,,,,,,,,
drive__0102_GraphHopper-Track.gpx,drive,Vysoké Tatry (loop),,63.5,,r-a327c60148254408aca062c4fc9b69c9,,,,,,,,
drive__0103_GraphHopper-Track.gpx,drive,Krakow → Vysoké Tatry,,149.7,,r-866f983c373747cea96cf6d139201e5f,,,,,,,,
drive__0104_GraphHopper-Track.gpx,drive,Vysoké Tatry → Warsaw,,447.7,,r-0d2d191cf28c4361b1be47486cdbb8ec,,,,,,,,
drive__0105_GraphHopper-Track.gpx,drive,Warsaw → Demänovská Dolina,,466.3,,r-92c7c273f507474f8a6eb9ada03c6308,,,,,,,,
drive__0106_GraphHopper-Track.gpx,drive,Demänovská Dolina (loop),,131.7,,r-9c943f9c678c4d76a34be20d804187a6,,,,,,,,
drive__0107_GraphHopper-Track.gpx,drive,Demänovská Dolina → Warsaw,,518.4,,r-5a779f7c7ed94777872d1da0d963fe90,,,,,,,,
drive__0108_GraphHopper-Track.gpx,drive,Demänovská Dolina → Štrba,,50.5,,r-365f7d8cf7564052b530cc74083c9c93,,,,,,,,
ride__0000_2000-Smiferopol-226km.gpx,ride,2000 Smiferopol (226km),2000,225.8,,r-99d1bfd6cc3743c6bf29d5dc5d3da393,,,,,,,,
ride__0001_GraphHopper-Track.gpx,ride,Dobrotvir Settlement Hromada → Lviv Urban Hromada,,56.8,,r-5fe4ebd6aadc496ab2ec9d27b9e3c22c,,,,,,,,
ride__0002_GraphHopper-Track.gpx,ride,Lviv Urban Hromada → Skhidnytsia Settlement Hromada,,113.8,,r-c0db4cac5cc6440b9c2ea799717137be,,,,,,,,
ride__0003_GraphHopper-Track.gpx,ride,Lviv Urban Hromada → Berestechko Urban Hromada,,110.2,,r-c9a8cf461549429d9f61d97f185af027,,,,,,,,
ride__0004_GraphHopper-Track.gpx,ride,Mykolaiv → Очаківська міська громада,,77.1,,r-b3513c5be4694b7a9f0289c68425e72f,,,,,,,,
ride__0005_GraphHopper-Track.gpx,ride,Lviv Urban Hromada → Busk Urban Hromada,,72.3,,r-4b3768fd855e47bf9e060ebdd4b24ab4,,,,,,,,
ride__0006_GraphHopper-Track.gpx,ride,Kherson → Kherson urban hromada,,10.8,,r-2cab2992bda948ee97171173b285cec8,,,,,,,,
ride__0007_GraphHopper-Track.gpx,ride,Oleshky urban hromada → Skadovsk urban hromada,,82.3,,r-26439591d3f04cdb87b99e55ef0109a8,,,,,,,,
ride__0008_GraphHopper-Track.gpx,ride,Sevastopol → Гурзуфский поселковый совет,,100.8,,r-381f3bf5d2fd46a88f03692ebaedff1f,,,,,,,,
ride__0009_GraphHopper-Track.gpx,ride,Simferopol → Гурзуфский поселковый совет,,68.4,,r-66cf6a33beb649149de679911df55285,,,,,,,,
ride__0010_GraphHopper-Track.gpx,ride,Wrocław → Dziwnów,,471.7,,r-86cef18704b84627830320c1f0baf1a8,,,,,,,,
ride__0011_GraphHopper-Track.gpx,ride,Uzhhorod Urban Hromada → Liptovský Mikuláš,,250.7,,r-510359ace7754aff92c266fec6eae491,,,,,,,,
ride__0012_GraphHopper-Track.gpx,ride,Simferopol → Yevpatoriya,,93.5,,r-9e87fdf1a98044c1b70737d3df7913f3,,,,,,,,
ride__0013_GraphHopper-Track.gpx,ride,Lviv Urban Hromada → Rzeszów,,170.2,,r-f53536b376344c45a563480b637c8643,,,,,,,,
route-b737e3651ae54d0bb846198205161bf0.gpx,ride,Lviv → Montenegro,2005-07-06,1431.587941,,r-d7d2908ba7384d27bf2f09e95eadbbe6,,aaf9e6f1cc3abe1066875337b8f97e8d5d7f9731c804b5cee16e820ecf3117f7.gpx,aaf9e6f1cc3abe1066875337b8f97e8d5d7f9731c804b5cee16e820ecf3117f7,8.3,1103.1,20455,4475,0.0001
ride__0015_GraphHopper-Track.gpx,ride,Lviv Urban Hromada → Shatsk Settlement Hromada,,223.1,,r-b9220ce24048484582ab30503445a63c,,,,,,,,
ride__0016_GraphHopper-Track.gpx,ride,Antalya → Kemer,,48.7,,r-a157d0358f6f421590c43497d0121971,,,,,,,,
ride__0017_GraphHopper-Track.gpx,ride,Denizli → Kemer,,255.5,,r-0b890d6677044a10b09fa791e89b1338,,,,,,,,
ride__0018_GraphHopper-Track.gpx,ride,Lviv Urban Hromada (loop),,19.0,,r-a11afcff9b1d47ff8887e7ca03882c55,,,,,,,,
ride__0019_GraphHopper-Track.gpx,ride,Lviv Urban Hromada → Гірська сільська громада,,572.8,,r-7ef3d58e53f448628e53a1724cbfcd12,,,,,,,,
ride__0020_GraphHopper-Track.gpx,ride,Hinckley Township → New York,,736.6,,r-266d13dfb0bb49bc8ca74b84272daf25,,,,,,,,
ride__0021_GraphHopper-Track.gpx,ride,Hinckley Township → City of Niagara Falls,,378.5,,r-12582d2eee664139b6db094b6f0c0d22,,,,,,,,
ride__0022_GraphHopper-Track.gpx,ride,Hinckley Township → Town of Ellicottville,,326.3,,r-12d1d54667164c13947d373bd2f240b0,,,,,,,,
ride__0023_GraphHopper-Track.gpx,ride,Columbus → Cleveland,,234.7,,r-0466a89f0e0e4e53953fdf9f4a97e22c,,,,,,,,
ride__0024_GraphHopper-Track.gpx,ride,Lviv Urban Hromada → Pawłokoma,,156.6,,r-6d55df7a4b704e88a49c3c68d0255c37,,,,,,,,
ride__0025_GraphHopper-Track.gpx,ride,SeaTac → Bellingham,,163.7,,r-4b8c465d7c574a5e8a93cc3c2fa797ef,,,,,,,,
ride__0026_GraphHopper-Track.gpx,ride,Lviv Urban Hromada → Lutsk,,152.4,,r-3c78e76ec3034b59a1171feb477564b7,,,,,,,,
ride__0027_GraphHopper-Track.gpx,ride,Bellingham → Everett,,109.9,,r-bd7b3011b06b4cab9b326ae7caee4eea,,,,,,,,
ride__0028_GraphHopper-Track.gpx,ride,Bellingham → Mountlake Terrace,,120.0,,r-b30bfc1b97a5470693896cd59be6d038,,,,,,,,
ride__0029_GraphHopper-Track.gpx,ride,Bellingham → Whatcom County,,95.2,,r-c5502f59bb83447a85332ff56fd7983f,,,,,,,,
ride__0030_GraphHopper-Track.gpx,ride,Lviv Urban Hromada → Slavske Settlement Hromada,,135.7,,r-7864bbb2bf06423ca56779f40f13df2f,,,,,,,,
ride__0031_GraphHopper-Track.gpx,ride,городской округ Железноводск → Верхне-Маринское сельское поселение,,102.2,,r-4ffe3e60d45d40d28316f19ab2b35cd6,,,,,,,,
ride__0032_GraphHopper-Track.gpx,ride,городской округ Железноводск → сельское поселение Этоко,,21.5,,r-993bd5c1a35a46bbad9a42a5e9e5d1e2,,,,,,,,
ride__0033_GraphHopper-Track.gpx,ride,Orio al Serio → Ospitaletto,,50.9,,r-2c98e3658809460aa188765a2caa923c,,,,,,,,
ride__0034_GraphHopper-Track.gpx,ride,Chop Urban Hromada → Budapest,,330.8,,r-e28eb8749ca244e8acaa7e47cde5b963,,,,,,,,
ride__0035_GraphHopper-Track.gpx,ride,Weeze → Duisburg,,61.5,,r-24f9047c4e2649369e16f29485ee17c8,,,,,,,,
ride__0036_GraphHopper-Track.gpx,ride,Erfurt → Weimar,,20.8,,r-b6e033ad5e9746fb8440679b9d063e04,,,,,,,,
ride__0037_GraphHopper-Track.gpx,ride,Milan → Bergamo,,61.4,,r-1cf7d440c17648f69d4912cf13bbf240,,,,,,,,
ride__0038_GraphHopper-Track.gpx,ride,Lviv Urban Hromada → Kyiv,,545.7,,r-5009e05b6eae4d0ea2f8153022bff829,,,,,,,,
ride__0039_GraphHopper-Track.gpx,ride,Донецька міська громада (loop),,13.5,,r-58f5fdb8c6364a70bb2387ce016c6886,,,,,,,,
ride__0040_GraphHopper-Track.gpx,ride,Kyiv → Окнянська селищна громада,,400.5,,r-83a51aaa943740df95f6f57c8dec6d12,,,,,,,,
ride__0041_GraphHopper-Track.gpx,ride,Chișinău → Дубовский сельский совет,,60.6,,r-ed835749c1fc44b4ab7bbad548d6b4aa,,,,,,,,
ride__0042_GraphHopper-Track.gpx,ride,Barcelona → Madrid,2012-08-02,614.7,,r-0fbc0be78a9b452496504999da4b692a,,,,,,,,
ride__0043_GraphHopper-Track.gpx,ride,Kyiv → Dymer Settlement Hromada,,50.8,,r-0b532bd3ebf84e5ca8a4fc4567455080,,,,,,,,
ride__0044_GraphHopper-Track.gpx,ride,Odesa → Визирська сільська громада,,60.5,,r-f3ead1c6c5c440958c7ff86ae3f25f94,,,,,,,,
ride__0045_GraphHopper-Track.gpx,ride,Baku → Khazar Raion,,259.9,,r-8a27ec7fbe0f4935afd5e2484e20f75e,,,,,,,,
ride__0046_GraphHopper-Track.gpx,ride,Kyiv → Pirnove Rural Hromada,,49.4,,r-1fedebddf52e4b64a49d6ca6d2a951ee,,,,,,,,
ride__0047_GraphHopper-Track.gpx,ride,Seville → Madrid,,1082.3,,r-8aecdb70d7a34f3fa6b9249ea08face9,,,,,,,,
ride__0048_GraphHopper-Track.gpx,ride,Svaliava Urban Hromada → Vyshkovo Settlement Hromada,,164.7,,r-a3a77760835543d19cd132c660476a50,,,,,,,,
ride__0049_GraphHopper-Track.gpx,ride,Ivano-Frankivsk Urban Hromada → Polianytsia Rural Hromada,,103.1,,r-589e9ef95c96481a93ececad89957634,,,,,,,,
ride__0050_GraphHopper-Track.gpx,ride,Dromolaxia - Meneou Municipality → Agios Athanasios Municipality,,63.5,,r-2852bf2b43144a3a9174771f13fa489d,,,,,,,,
ride__0051_GraphHopper-Track.gpx,ride,Athens airport,2016-06-28,34.2,,r-3594511ac9ae48558a86af5fcd5e312a,,,,,,,,
ride__0052_GraphHopper-Track.gpx,ride,Batumi → Keda Municipality,,132.4,,r-ad76142ccba447748c3fab78685a0d9a,,,,,,,,
ride__0053_GraphHopper-Track.gpx,ride,Astana → Celïnograd District,,76.5,,r-a3d217410f1e42dfa58e3921103422cd,,,,,,,,
ride__0054_GraphHopper-Track.gpx,ride,Odesa (loop),,11.2,,r-96ece354a6e64eddab682c13528e2266,,,,,,,,
ride__0055_GraphHopper-Track.gpx,ride,Prague (loop),,15.5,,r-eed958580d24416a87e65035b3116040,,,,,,,,
ride__0056_GraphHopper-Track.gpx,ride,Tillé → Paris,,91.8,,r-ee235ea531664c1bab90f1a04c85e239,,,,,,,,
ride__0057_GraphHopper-Track.gpx,ride,Bologna (loop),,9.2,,r-b42808b310cb4e64a791e449fe660ed7,,,,,,,,
ride__0058_GraphHopper-Track.gpx,ride,Hong Kong (loop),,59.4,,r-1013f66ba6ef4ee785f53b3e300c7ce5,,,,,,,,
ride__0059_GraphHopper-Track.gpx,ride,Hong Kong (loop),,119.6,,r-bc63345ef1d84eb2901cb7e49317c961,,,,,,,,
ride__0060_GraphHopper-Track.gpx,ride,Pompei → Ercolano,,24.8,,r-9b4d6f3fd7c841939aaefffabecc1725,,,,,,,,
ride__0061_GraphHopper-Track.gpx,ride,Lviv Urban Hromada → Skole Urban Hromada,,154.0,,r-76247a4110994cae9fd8b8e011aa7edf,,,,,,,,
ride__0062_GraphHopper-Track.gpx,ride,Otopeni → Bucharest,,22.5,,r-8bd60cc1438e4821afd661ce112f5d23,,,,,,,,
ride__0063_GraphHopper-Track.gpx,ride,Larnaca → Pissouri,,102.8,,r-66c7dbf3c55449f88f20d3974efff2af,,,,,,,,
ride__0064_GraphHopper-Track.gpx,ride,Larnaca → Ayia Napa,,51.0,,r-19b4d4e1d19e4f48abe902eb32e18648,,,,,,,,
ride__0065_GraphHopper-Track.gpx,ride,Tallinn (loop),,9.0,,r-13d7966e4a0b4870922767576d2e5015,,,,,,,,
ride__0066_GraphHopper-Track.gpx,ride,Copenhagen → Malmö,,44.0,,r-0b906a1cbfe44f75abb8cc2943f7589f,,,,,,,,
ride__0067_GraphHopper-Track.gpx,ride,Warsaw → Nowy Dwór Mazowiecki,,42.6,,r-c45755287df54fedb7ba26f0ddfa25c4,,,,,,,,
ride__0068_GraphHopper-Track.gpx,ride,Madrid (loop),,8.4,,r-2144569b7558407592a6025e8a4a5192,,,,,,,,
ride__0069_GraphHopper-Track.gpx,ride,Madrid (loop),,11.5,,r-651297f2440d4b4e8df3d6c58750ba9e,,,,,,,,
ride__0070_GraphHopper-Track.gpx,ride,Pontorson → Le Mont-Saint-Michel,,8.8,,r-45ca8f644bf448a796568b34e1a164c6,,,,,,,,
ride__0071_GraphHopper-Track.gpx,ride,Nysa → Wrocław,,93.0,,r-e491a420395e461892c66985a9add6fd,,,,,,,,
ride__0072_GraphHopper-Track.gpx,ride,Flixbus_Paris → Vilobí d'Onyar,2023-06-12,951.3,,r-c6f2babba98a4b3fb689104efad8e414,,,,,,,,
ride__0073_GraphHopper-Track.gpx,ride,Prague → Nysa,,244.7,,r-64abd453f2f44a138afcdbf6d3a45d6c,,,,,,,,
ride__0074_GraphHopper-Track.gpx,ride,Sant Feliu de Guíxols → Barcelona,,102.6,,r-23fc3825e3d544b9837c332ee5a0a625,,,,,,,,
ride__0075_GraphHopper-Track.gpx,ride,Amsterdam → Duisburg,,208.7,,r-1e7d5a499f0e4832b2b58cbc8379a5b6,,,,,,,,
ride__0076_GraphHopper-Track.gpx,ride,Saint-Louis → Basel,,6.0,,r-26fac5090ece40c7a743ab56c9953e45,,,,,,,,
ride__0077_GraphHopper-Track.gpx,ride,Eindhoven (loop),,9.5,,r-ec03212e407a49cc93ae0a793bd7697a,,,,,,,,
ride__0078_GraphHopper-Track.gpx,ride,Milan → Orio al Serio,,53.4,,r-259851baa14c47b09ee99c0bdc6d1e8f,,,,,,,,
ride__0079_GraphHopper-Track.gpx,ride,Sandefjord → Oslo,,118.1,,r-9fe0c5a9775a452d9955ef53a96c5481,,,,,,,,
ride__0080_GraphHopper-Track.gpx,ride,Vejle → Billund Municipality,,33.9,,r-e97f8153356f4773ba154b8c103cb938,,,,,,,,
ride__0081_GraphHopper-Track.gpx,ride,Hurghada → Red Sea,,94.9,,r-0a7f9dc32d6a4ad38790ec699b09571e,,,,,,,,
ride__0082_GraphHopper-Track.gpx,ride,Greater London (loop),,47.4,,r-82e3dadf4e14493691a00ab34fa52313,,,,,,,,
ride__0083_GraphHopper-Track.gpx,ride,Paris → Fontainebleau,,67.9,,r-192a1c32f8b64a22bb397e1f0eab11c3,,,,,,,,
ride__0084_GraphHopper-Track.gpx,ride,Paray-Vieille-Poste (loop),,34.0,,r-1bab88a146464502bbdbe6972188d8d1,,,,,,,,
ride__0085_GraphHopper-Track.gpx,ride,Valencia → Elx / Elche,,313.3,,r-14d40caa6a3d42a08b9f9da75bfc9966,,,,,,,,
ride__0086_GraphHopper-Track.gpx,ride,Tbilisi → Kazbegi Municipality,,177.6,,r-0682cf8d8c7b45bcb84713929a1e0a8e,,,,,,,,
ride__0087_GraphHopper-Track.gpx,ride,Kloten → Engelberg,,98.9,,r-0cd3f7a37d014f28947cd99c589f9835,,,,,,,,
ride__0088_GraphHopper-Track.gpx,ride,Uttlesford → Greater London,,56.9,,r-20ea27ac6faf46b29cc90e1d323624dc,,,,,,,,
ride__0089_GraphHopper-Track.gpx,ride,Fingal → Dublin,,16.7,,r-95a3559cf7844cb0ad653547961196b7,,,,,,,,
ride__0090_GraphHopper-Track.gpx,ride,Caslano → Menaggio,,38.2,,r-9fb721b6f1a5486eb7a520036364334b,,,,,,,,
ride__0091_GraphHopper-Track.gpx,ride,Dolný Kubín → Liptovský Mikuláš,,42.0,,r-5b160058e1344875a9662456001d4198,,,,,,,,
ride__0092_GraphHopper-Track.gpx,ride,Monaco (loop),,5.1,,r-0570795924724cc6885fbc814318111c,,,,,,,,
ride__0093_GraphHopper-Track.gpx,ride,Nice → Èze,,9.3,,r-f553c1d3bb304f31ba67480e495c1605,,,,,,,,
train__0000_1990-Lviv-Mykolaiv-1-077-2km.gpx,train,"1990_Lviv-Mykolaiv (1,077.2km)",,1075.2,,r-7699aecc840945df9120833f91b76f93,,,,,,,,
train__0001_1990-Lviv-Dobrotvir-52km.gpx,train,1990і_Lviv_Dobrotvir (52km),,51.9,,r-71214ad5f66b4498be3cd40a98712f6f,,,,,,,,
train__0002_1990-Lviv-Kherson-1-027-6km.gpx,train,"1990і_Lviv_Kherson (1,027.6km)",,1025.5,,r-5fe0fc26a806487da89f2ea227c97859,,,,,,,,
train__0003_1990-Lviv-Slavsko-137-9km.gpx,train,1990і_Lviv-Slavsko (137.9km),,137.7,,r-452d0b58cd244383a5e085bb1ab68637,,,,,,,,
train__0004_1995-LvivSolotvyno-444-3km.gpx,train,1995_LvivSolotvyno (444.3km),,443.2,,r-38de5fbdde1f40109dbbcfd1b0dc76ed,,,,,,,,
train__0005_1998-Lviv-Kyiv-566-6km.gpx,train,1998_Lviv_Kyiv (566.6km),,565.2,,r-ebdd1667ad20440690f1135149145920,,,,,,,,
train__0006_2002-Lviv-Wroc-aw-591km.gpx,train,2002 Lviv -> Wrocław (591km),2002,589.6,,r-1ec95d8682cf44ce9e787752dca8a1a3,,,,,,,,
train__0007_2003-Lviv-Uzhhorod-269-6km.gpx,train,2003 Lviv -> Uzhhorod (269.6km),2003,268.9,,r-e998dedca9014fbc93f6df469167a0fc,,,,,,,,
train__0008_2004-Lviv-Morshyn-88-7km.gpx,train,2004_Lviv -> Morshyn (88.7km),,88.6,,r-81a6c007e6a14573963cb29ce44ddd23,,,,,,,,
train__0009_2004-Zaporizzhia-Simpheropol.gpx,train,2004_Zaporizzhia_Simpheropol,,298.0,,r-687bf4b54515489cbc0722739c3e2fed,,,,,,,,
train__0010_2004Amsterdam-Koog-aan-de-Zaan-11km.gpx,train,2024Amsterdam -> Koog aan de Zaan (11km),2024,11.0,,r-7bee312e0fd5469d866e1cc21399a5ab,,,,,,,,
train__0011_2004Lviv-Zaporizhzhia-1-154-3km.gpx,train,"2004Lviv -> Zaporizhzhia (1,154.3km)",,1151.7,,r-a30fa77e7d264987835e65a7dde0d8d6,,,,,,,,
train__0012_2007-Lviv-Odesa-743-7km.gpx,train,2007 Lviv -> Odesa (743.7km),2007,742.3,,r-0d91e3ad3ba54b4d9366f0743f32f8b6,,,,,,,,
train__0013_2007-Bellingham-Seattle-151km.gpx,train,2007_Bellingham -> Seattle (151km),,150.9,,r-c0f1d8daec7e4e24ac2fa9c14adf2367,,,,,,,,
train__0014_2008-Budapest-Bratislava-213-2km.gpx,train,2008_Budapest -> Bratislava (213.2km),,212.8,,r-fc5b28635feb4b8b81af776fc5185cb2,,,,,,,,
train__0015_2008-Budapest-G-d-ll-25-3km.gpx,train,2008_Budapest -> Gödöllő (25.3km),,25.2,,r-a923912c334b4d2d843c395902c57bc3,,,,,,,,
train__0016_2008-Budapest-Krompachy-312km.gpx,train,2008_Budapest -> Krompachy (312km),,311.4,,r-dcd43aafecc94917b7c56e2466b0ca2f,,,,,,,,
train__0017_2008-EURO-1-614-2km.gpx,train,"2008_EURO (1,614.2km)",,1610.7,,r-7f1c8d03b17149bdb3ba59faa4778c67,,,,,,,,
train__0018_2009-Budapest-Dresden-730-4km.gpx,train,2009 Budapest -> Dresden (730.4km),2009,729.0,,r-a21aa54c79f94f19ab91f9fe4787d6d0,,,,,,,,
train__0019_2009-Lviv-Seredyna-Buda-920-7km.gpx,train,2009_Lviv -> Seredyna-Buda (920.7km),,918.6,,r-f05a6233f24c4dc0b8bc41c64156a101,,,,,,,,
train__0020_2009-Suzemka-Moscow-487-4km.gpx,train,2009_Suzemka -> Moscow (487.4km),,486.5,,r-547a9f71965648d095eeba107bf39dc0,,,,,,,,
train__0021_2010-Bergamo-Budapest-1-010-5km.gpx,train,"2010_Bergamo -> Budapest (1,010.5km)",,1008.4,,r-7a186b69600346a7846a5f2649067b67,,,,,,,,
train__0022_2010-Dresden-Erfurt-242km.gpx,train,2010_Dresden -> Erfurt (242km),,294.0,,r-caff9def53cd400e971105615a7e085d,,,,,,,,
train__0023_2010-Jena-Nord-Berlin-270-6km.gpx,train,2010_Jena-Nord -> Berlin (270.6km),,270.0,,r-02239295e018463f97bda4853b8d53dd,,,,,,,,
train__0024_2010-Jena-S-d-Erfurt-43-8km.gpx,train,2010_Jena-Süd -> Erfurt (43.8km),,43.7,,r-bbdf60c4f6574aaab8bf0563bd0e6196,,,,,,,,
train__0025_2010-Kyiv-Kharkiv-484-3km.gpx,train,2010_Kyiv -> Kharkiv (484.3km),,483.1,,r-24c59e7608584f11a6229abbf4032e19,,,,,,,,
train__0026_2010-Lugano-Caslano-8km.gpx,train,2010_Lugano -> Caslano (8km),,8.0,,r-45d7079080de4f059ce64c72491cf9ab,,,,,,,,
train__0027_2010-Milan-Switzerland-146km.gpx,train,2010_Milan_Switzerland (146km),,145.8,,r-90ca8d236b274f4c8e36f7ce9b63af72,,,,,,,,
train__0028_2012-Cubelles-Barcelona-46-8km.gpx,train,2012_Cubelles -> Barcelona (46.8km),,46.7,,r-01eef4c9fa674b9881f411e9e1e2b013,,,,,,,,
train__0029_2012-Kyiv-Odesa-611-1km.gpx,train,2012_Kyiv -> Odesa (611.1km),,610.3,,r-b6d1caa1c9694106ae308322284d016d,,,,,,,,
train__0030_2014-Israel.gpx,train,2014_Israel,,127.8,,r-17e819eeeae44642a149850497bc43e6,,,,,,,,
train__0031_2015-Barcelona-Monistrol-de-Montserrat-41-3km.gpx,train,2015_Barcelona -> Monistrol de Montserrat (41.3km),,41.3,,r-7c668b3988994ee0a2f8f5caadaf75e5,,,,,,,,
train__0032_2015-Barcelona-Seville-1-091-5km.gpx,train,"2015_Barcelona -> Seville (1,091.5km)",,1090.5,,r-22ccd32673e342bbba938b57a8b4d876,,,,,,,,
train__0033_2015-Kyiv-Svaliava-741-2km.gpx,train,2015_Kyiv -> Svaliava (741.2km),,739.2,,r-a0e180a0b92b46bd810a9cf981089578,,,,,,,,
train__0034_2016-Kyiv-Ivano-Frankivsk-707-5km.gpx,train,2016 Kyiv -> Ivano-Frankivsk (707.5km),2016,705.9,,r-b130fb5548aa44cea3b8cb185db17266,,,,,,,,
train__0035_2019-Bologna-Pompei-596-8km.gpx,train,2019_Bologna -> Pompei (596.8km),,596.5,,r-80a0f4dafd294a2981e51ac5432f75fb,,,,,,,,
train__0036_2019-Gatwick-Luton-94-7km.gpx,train,2019_Gatwick -> Luton (94.7km),,94.6,,r-c9263e04f6934a75b65bd52f6ef4e1bd,,,,,,,,
train__0037_2019-Naples-Rome-214km.gpx,train,2019_Naples -> Rome (214km),,213.7,,r-89d8833c07eb4c5f913b0428fa21a70c,,,,,,,,
train__0038_2019-Rome-Fiumicino-33-3km.gpx,train,2019_Rome -> Fiumicino (33.3km),,33.3,,r-cd01b67fbe524927b079ad3dec389dc7,,,,,,,,
train__0039_2019-Versailles-Paris-23-6km.gpx,train,2019_Versailles -> Paris (23.6km),,23.5,,r-5a2763cdeec746f193c8682f5aba02ec,,,,,,,,
train__0040_2021-LHR-49-7km.gpx,train,2021_LHR (49.7km),,49.6,,r-a3dd2e7b3dfb4c65bdb01a313ddc58aa,,,,,,,,
train__0041_2022-Lindau-Bodensee-Oberuhldingen-49-3km.gpx,train,2022_Lindau (Bodensee) -> Oberuhldingen (49.3km),,49.2,,r-220044d1609f4c5993f4aaab10af24a7,,,,,,,,
train__0042_2023-Copenhagen-Malmo-42-1km.gpx,train,2023 Copenhagen -> Malmo (42.1km),2023,42.0,,r-d2ea512e58534b0bb9dfae3a0ae13714,,,,,,,,
train__0043_2023-Barcelona-Madrid-610-2km.gpx,train,2023_Barcelona -> Madrid (610.2km),,609.3,,r-8fb3d21d5cb247dc89bddcca8a176adc,,,,,,,,
train__0044_2023-Paris-Pontorson-381-6km.gpx,train,2023_Paris -> Pontorson (381.6km),,380.7,,r-7172f1c8d5ce4ba786861e974a6cfebb,,,,,,,,
train__0045_2023-Pontorson-Paris-436-2km.gpx,train,2023_Pontorson -> Paris (436.2km),,435.3,,r-26e4012d089e4f728bd0b5817fb659a8,,,,,,,,
train__0046_2023-Przemysl-Warsaw-387-4km.gpx,train,2023_Przemysl -> Warsaw (387.4km),,386.8,,r-6b11db8832174d59aa81507b01756cdd,,,,,,,,
train__0047_2023-Schwechat-Favoriten-17-6km.gpx,train,2023_Schwechat -> Favoriten (17.6km),,17.6,,r-f584884a02f443da97628d796570a771,,,,,,,,
train__0048_2023-Warsaw-Wroc-aw-401-1km.gpx,train,2023_Warsaw -> Wrocław (401.1km),,400.3,,r-6525df62bfe94b6db593828db294c418,,,,,,,,
train__0049_2024-Adliswil-Zurich-6-1km.gpx,train,2024_Adliswil -> Zurich (6.1km),,6.1,,r-73ad726ff2c846a29ff321e464458d8d,,,,,,,,
train__0050_2024-Basel-Zurich-88-2km.gpx,train,2024_Basel -> Zurich (88.2km),,88.0,,r-1ec7cb1ebdb549b18648ead7ed18ea33,,,,,,,,
train__0051_2024-Copenhagen-Roskilde-34-3km.gpx,train,2024_Copenhagen -> Roskilde (34.3km),,34.2,,r-677eb9516971473fb561252eaaf6d930,,,,,,,,
train__0052_2024-Copenhagen-Vejle-246-9km.gpx,train,2024_Copenhagen -> Vejle (246.9km),,246.2,,r-e83c9a76fd034a2b8adc913db66fc2f0,,,,,,,,
train__0053_2024-Duisburg-Eindhoven-110-7km.gpx,train,2024_Duisburg -> Eindhoven (110.7km),,110.3,,r-9b09a22e14f6418dac0c8867fa5bca78,,,,,,,,
train__0054_2024-Duisburg-Mitte-Dusseldorf-23-6km.gpx,train,2024_Duisburg-Mitte -> Dusseldorf (23.6km),,23.6,,r-128639cbf3d14cef924d132d2243d0d1,,,,,,,,
train__0055_2024-Oslo-22-3km.gpx,train,2024_Oslo (22.3km),,22.1,,r-eb88584d7f1642ffa5c3917cd106d737,,,,,,,,
train__0056_2024-Oslo-2.gpx,train,2024_Oslo_2,,47.8,,r-44bdab11471b4ab5bc8eda6f0dbe6f02,,,,,,,,
train__0057_2024-Schiphol-Amsterdam-11-7km.gpx,train,2024_Schiphol -> Amsterdam (11.7km),,11.7,,r-7bdc4186acfd41e299a34ef3ec5ffeec,,,,,,,,
train__0058_2024-Warsaw-Lublin-177-7km.gpx,train,2024_Warsaw -> Lublin (177.7km),,177.4,,r-e069ddc806e243c3b0ae9f10f53726c9,,,,,,,,
train__0059_2024-Warsaw-Muchen-1-075-9km.gpx,train,"2024_Warsaw -> Muchen (1,075.9km)",,1073.9,,r-e9f9327786d2476d8d8f82fda7b28d38,,,,,,,,
train__0060_2024-Zurich-Milan-284-1km.gpx,train,2024_Zurich -> Milan (284.1km),,283.7,,r-b3c04ae377ed4a57874c99bf32ac53da,,,,,,,,
train__0061_2024-Zurich-6-8km.gpx,train,2024_Zurich (6.8km),,6.8,,r-a5130f271a00457b95adfd1e44b44d16,,,,,,,,
train__0062_2025-Doha-1.gpx,train,2025_Doha_1,,24.3,,r-aaf5b24cbf7e4a3dade6e0ef6c0b6a10,,,,,,,,
train__0063_2025-Doha-2.gpx,train,2025_Doha_2,,9.1,,r-491df02218dc40be894be3db9eb5bdd0,,,,,,,,
train__0064_2025-Dublin-Howth-13-9km.gpx,train,2025_Dublin-> Howth (13.9km),,13.8,,r-4048cff5b25f4f11818203042afd3d29,,,,,,,,
train__0065_2025-Dublin-Tallaght-13-9km.gpx,train,2025_Dublin-> Tallaght (13.9km),,13.8,,r-823e0d2ca2dc4378b59fd6b13a972ba6,,,,,,,,
train__0066_2025-London-Paris-491-3km.gpx,train,2025_London -> Paris (491.3km),,490.4,,r-ccc97cd28c854edc8d0f544442ac1482,,,,,,,,
train__0067_2025-Paris-Avon-59km.gpx,train,2025_Paris -> Avon (59km),,58.9,,r-be09ee1f83ca4ef483f9534b62701268,,,,,,,,
train__0068_2025-Paris-Chessy-33-1km.gpx,train,2025_Paris -> Chessy (33.1km),,33.0,,r-d2ab9d2166304bdb90f81e7559aa9040,,,,,,,,
train__0069_2025-US.gpx,train,2025_US,,571.8,,r-87d061c0798149deb42778cb67c19e8c,,,,,,,,
train__0070_2026-Warsaw-Krakow-339-2km.gpx,train,2026 Warsaw -> Krakow (339.2km),2026,338.7,,r-a7220dbf790c4498a7a7587567c1e4d5,,,,,,,,
train__0071_2026-03-22-Brzeg-Warsawa-365-4km.gpx,train,20260322_Brzeg-> Warsawa (365.4km),2026-03-22,364.7,,r-ba8c5a95352745f2a0c5e01bc1a3da64,,,,,,,,
train__0072_2026-Valencia-Madrid-401-5km.gpx,train,2026_Valencia -> Madrid (401.5km),,401.0,,r-b5cc7ba83a884d189f8c491c978fd960,,,,,,,,
train__0073_GraphHopper-Track.gpx,train,Kharkiv → Lozova,,146.8,,r-22f225a8f8a549caad658a65e5cc03f5,,,,,,,,
train__0074_GraphHopper-Track.gpx,train,Warsaw → Nieborów,,76.0,,r-97bd2823ed5547ff8ffc0c7050a85f49,,,,,,,,
train__0075_Krakow-Lotnisko-11-6km.gpx,train,Krakow -> Lotnisko (11.6km),,11.6,,r-3befb3b2279e456594668efa2e454cb7,,,,,,,,
train__0076_New-file-1.gpx,train,Kherson → Vynohradove rural hromada,,53.0,,r-080a32456e53426281f009db0ea417ef,,,,,,,,
train__0077_New-file-1.gpx,train,Mykhailivska settlement hromada → Plodorodnenska rural hromada,,21.7,,r-cd8bfeac2c95439c83c10458c770e562,,,,,,,,
train__0078_New-file-1.gpx,train,Mykhailivska settlement hromada → Zaporizhzhia,,53.9,,r-3304a76011bb4451a96ade3c51d60828,,,,,,,,
train__0079_New-file-2.gpx,train,Cannes → Monaco,,46.6,,r-90990e2babed49caac4f30e972bb9ae1,,,,,,,,
waterways__0000_New-file-1.gpx,waterways,Kherson Oblast (loop),,33.5,,r-42f9da65f5554b3aa9a4abb07e2fcc5b,,,,,,,,
waterways__0001_New-file-1.gpx,waterways,Sevastopol → Republic of Crimea,,56.5,,r-d7d0ec92b973419db8eb7110eea8f353,,,,,,,,
waterways__0002_New-file-1.gpx,waterways,Pirnove Rural Hromada → Зазимська сільська громада,,33.4,,r-97a5889f0c0f4814bf7500e87cc74069,,,,,,,,
waterways__0003_New-file-1.gpx,waterways,Hong Kong → Macau,,63.3,,r-46f373d82be54da7802195f663a3f1ba,,,,,,,,
waterways__0004_New-file-1.gpx,waterways,Copenhagen (loop),,2.8,,r-390320c72bf243bab067f28a2a41f779,,,,,,,,
waterways__0005_New-file-1.gpx,waterways,Oslo → Copenhagen,,552.3,,r-6a7e4d94b97f4747bdf4f671435329ac,,,,,,,,
waterways__0006_New-file-1.gpx,waterways,Oslo (loop),,1.3,,r-07d7fd29af3d4fbeb8509deec88248fd,,,,,,,,
waterways__0007_New-file-1.gpx,waterways,Zurich (loop),,5.2,,r-ee1b37c2a5814d229df69f7a752f41ea,,,,,,,,
waterways__0008_New-file-1.gpx,waterways,New file 1,,10.9,,r-11c631913df04e249abe66d6c48ecfa2,,,,,,,,
waterways__0009_New-file-1.gpx,waterways,Cannes,,3.5,,r-d11e7b5447e44ab49b49b6016f5604c5,,,,,,,,
route-0fc1560f6abe44cd975d43e57bd3823b.gpx,drive,20260818_Warszawa_Brno,2026-08-18,568.403358,,r-e72fe9a981eb4a07a72967008a027d97,,1e058fe778593eb746f7ee5b10ea8f73806f60c466a9de7f4b24086989ccccd7.gpx,1e058fe778593eb746f7ee5b10ea8f73806f60c466a9de7f4b24086989ccccd7,102.7,418.2,5641,1370,0.0001
route-14bcb66af6c44176abb5e2c4047e5be4.gpx,drive,20260819_Brno_Klagenfurt,2026-08-19,524.588158,,r-7352467d38174166bba35d8b197bb04b,,0527c1d4ed007a8beefce2d26e9a911a6d66efbcf4a0a61efadfdf382c404fbb.gpx,0527c1d4ed007a8beefce2d26e9a911a6d66efbcf4a0a61efadfdf382c404fbb,115.8,1063.0,5849,1505,0.0001
route-b77e49f4b6934c8d89a5b5d0828f012c.gpx,drive,20260820_Klagenfurt_Bergamo,2026-08-20,537.006026,,r-62ac29e6925f4dc5a687a6e124ae2a24,,2823ef06fb14b8805ec3dca0b9500c9c41f947fef9e2e834f70d6a13ecc3e70b.gpx,2823ef06fb14b8805ec3dca0b9500c9c41f947fef9e2e834f70d6a13ecc3e70b,1.0,826.6,4464,981,0.0001
route-82cea07b831743daae18ceca100ee719.gpx,drive,20260820_Bergamo_Airport,2026-08-20,32.332698,,r-4644fcefc6a7462b8f72a5045742f05c,,1ae8ae8d53270efd78d447cf7094528498a1b89f1e997266172ec171c9ea7a2a.gpx,1ae8ae8d53270efd78d447cf7094528498a1b89f1e997266172ec171c9ea7a2a,229.0,253.7,569,129,0.0001
route-de133fb89e834c42aa9802a0760e2a42.gpx,drive,20260821_Bergamo_Caorle,2026-08-20,277.889267,,r-5474ba3b3f8442cba93f0175c07096ec,,249b5082fe42d25ebfc324ee8c92d8c78070cceb4ee10619e11e000a0536439f.gpx,249b5082fe42d25ebfc324ee8c92d8c78070cceb4ee10619e11e000a0536439f,-2.6,249.9,1708,368,0.0001
route-3357c3fdc9e84f82b142be1256926122.gpx,drive,20260823_Caorle_Triest,2026-08-23,253.740373,,r-5bcff346ef6f46dda706d14d99eb325e,,8b9a52de1413d53662726f5787292449f5815e1abdcbc776e87d08424db0be43.gpx,8b9a52de1413d53662726f5787292449f5815e1abdcbc776e87d08424db0be43,-2.0,408.3,2956,608,0.0001
route-aa156b9003474b32b12c199f2d5e0ad4.gpx,drive,20260825_Caorle_Aosta,2026-08-25,485.953092,,r-6a2b09c125f4456caac2af4717ba231e,,165ca6783f2d4fb094bdf084e1b3f768243cef4fc9f5b9d7e0c03b2217ab27c1.gpx,165ca6783f2d4fb094bdf084e1b3f768243cef4fc9f5b9d7e0c03b2217ab27c1,-2.6,387.3,3362,683,0.0001
route-addae30b1bde4ea496de29a82035345f.gpx,drive,20260826_Aosta_Lucarne,2026-08-26,463.803519,,r-0c05457e3c57419bb5d2abb19d4693aa,,701e2966215f3d9cfbae0e062d1018af85b002ea4caa7d77af955b05a467813f.gpx,701e2966215f3d9cfbae0e062d1018af85b002ea4caa7d77af955b05a467813f,373.4,1921.1,7295,1686,0.0001
route-78fbe7eef5ea487aa94d44e39419df9e.gpx,drive,20260827_Lucerne_Innsbruk,2026-08-27,355.235976,,r-2e139643be0d4ebb9bbe6c85ea803e87,,a0173d0dfbb134cd4d77d5e054ce4ed0ff72439e61e272caede5a2491addda1a.gpx,a0173d0dfbb134cd4d77d5e054ce4ed0ff72439e61e272caede5a2491addda1a,409.3,2383.8,6950,1519,0.0001
route-104da43c3950491d9ad650a302e30c19.gpx,drive,20260828_Inssbruk_Bratislava,2026-08-28,597.952986,,r-680e602ca5fd4a1c81d8c594dc8a29fa,,7b35f6e5898679119003b955295ff3a614beff3ccc1d35f8d3b1adea3dc2ca45.gpx,7b35f6e5898679119003b955295ff3a614beff3ccc1d35f8d3b1adea3dc2ca45,129.8,867.0,5981,1387,0.0001
route-9c412cab116c4463a3e59a51763a2ac2.gpx,drive,20260829_Bratislava_Warszawa,2026-08-29,637.233628,,r-d4ed7140e0cc4734bcf060a04391b49e,,8828e3378cd12eddeed7d783a3bcda4ecd302937bbc3818d6cb330fd7f06bbf3.gpx,8828e3378cd12eddeed7d783a3bcda4ecd302937bbc3818d6cb330fd7f06bbf3,102.5,702.9,6091,1474,0.0001
route-5ca6eab0a3274fc7b195f22f2e272190.gpx,train,20260724_Monaco -_ Menton,2026-07-24,10.613477,,r-92491b9eaadd4d5f86ad79be27acbc3e,,65c19260c01fe45289dcffc34bbae0d74e8e8583f374f08778c73832191249bb.gpx,65c19260c01fe45289dcffc34bbae0d74e8e8583f374f08778c73832191249bb,8.8,33.0,171,39,0.0001
route-8e44f462015e42bf878eb73d781d60b7.gpx,ride,20260724_ Menton-Monaco,2026-07-24,11.922304,,r-e855d7088eba45d984a24b798ae94328,,f43a5b742c9bc2483233faf2b356e2e4547a941b9378aa4bcc6778838c63d573.gpx,f43a5b742c9bc2483233faf2b356e2e4547a941b9378aa4bcc6778838c63d573,3.0,109.6,508,104,0.0001
route-82356e86978f434380c216ce64272ee2.gpx,train,Athenes Airport (40km),2018-11-05,40.001353,,r-ff266a3cbc594d6babc5c5dd0e4ea1ae,,e7095666374bbe62eb6546e82e839341e87a87d9485dcae1c3c6974a84e552b6.gpx,e7095666374bbe62eb6546e82e839341e87a87d9485dcae1c3c6974a84e552b6,68.8,247.8,481,106,0.0001
route-32f964512c6342e0b025296bd65560b4.gpx,train,Athens Metro (7km),2018-11-06,6.945421,,r-0456fdb41d2d4f05b0becfef3362e2f1,,1c463a8e72ab38323763aecaf6321798e27b34b932228385671b0545c2274366.gpx,1c463a8e72ab38323763aecaf6321798e27b34b932228385671b0545c2274366,-1.5,67.8,128,19,0.0001
route-d66f6a88c3914132a9cf48905c47d40f.gpx,ride,2026_Athens_Taxi,2026-08-08,43.661404,,r-b4c784edee7d4ae4ba73acfd9089d5c6,,8ace25ee0e1bd1475e8545e2e3a617ecda47889643af63068e4427868d78c737.gpx,8ace25ee0e1bd1475e8545e2e3a617ecda47889643af63068e4427868d78c737,1.0,109.8,514,116,0.0001
route-b1339d57a9c94a2e86782f3190879c61.gpx,ride,2019 Paphos,2019-06-16,52.608070,,r-93bf96eaedfd49628f9652fadc3f1f3f,,554974e43ae65421944fd6f8ac19a11d8f3a39f00d2f1557577577f6df2f3fbf.gpx,554974e43ae65421944fd6f8ac19a11d8f3a39f00d2f1557577577f6df2f3fbf,12.0,659.7,985,260,0.0001
route-943575316a1a4528bb8638bcac90885a.gpx,waterways,2019_Cuprus_Blue_Lagoon,2019-06-16,10.077128,,r-74cb06351c394c32a463f53f213fb202,,f627885ae457365149b6b2e44a3e02e143c2fabe5c998764bd8e2f6ed8c19bbc.gpx,f627885ae457365149b6b2e44a3e02e143c2fabe5c998764bd8e2f6ed8c19bbc,0.0,0.6,207,8,0.0001
route-119c3a0a2fe74f3f89ddd901026ba027.gpx,drive,2012_Lviv_Czechia,2012-07-22,753.541512,,r-45b46942312549f59e278aa9011d64c1,,68fce32f9de41a66f3cbba83a6f35277ba222f7d5605dac0bca442ec17bae9d4.gpx,68fce32f9de41a66f3cbba83a6f35277ba222f7d5605dac0bca442ec17bae9d4,182.6,567.3,6513,1456,0.0001
route-df37d0515fe3498093b96724c55f5662.gpx,drive,2012_Czechia,2012-07-23,222.954736,,r-bfaf5655a5b54e2082fb97a130217b23,,aeccb0d480727b4707ac16ae286fd5192ad66cb79cef9f86f1768e99882d8758.gpx,aeccb0d480727b4707ac16ae286fd5192ad66cb79cef9f86f1768e99882d8758,197.5,656.5,2425,561,0.0001
route-92886d7404eb43a5a3f8c9a8741de4d0.gpx,drive,2012_Czechia_Germany,2012-07-24,614.134797,,r-940bb62e82214a8188dbaefc3e8748ee,,0614ecf9dc093474d38c340dbc498cdf36618e7a834b376862eaebcbf2639dde.gpx,0614ecf9dc093474d38c340dbc498cdf36618e7a834b376862eaebcbf2639dde,178.7,792.0,6850,1646,0.0001
route-98c3ca62cde34c2cbb4f4f726a6e2770.gpx,drive,2012_Germany-Switzerland,2012-07-25,362.457961,,r-b849494ffa2445c595013d1e8cdf83a4,,288d2c362105a30086b3f340e5b8b7a3aee4afc9b0b0255c711c4c6c3bb6ba2e.gpx,288d2c362105a30086b3f340e5b8b7a3aee4afc9b0b0255c711c4c6c3bb6ba2e,381.1,792.0,5085,1111,0.0001
route-85b765177a804fadab9b35f707195c82.gpx,drive,2012_France_Spain,2012-07-26,858.844934,,r-da554eaec3bf4de59479a825c99864ad,,aadc8f616888e70e3aa7c896b6c35e4188fa039535060458f33e65b309afd9ed.gpx,aadc8f616888e70e3aa7c896b6c35e4188fa039535060458f33e65b309afd9ed,2.0,672.8,9675,2299,0.0001
route-5b016bbbb5e8484e836a49a5460a788d.gpx,drive,2012_Spain_France,2012-08-05,501.940786,,r-61fd6cd57ebc407f841e011ba16944cf,,223927487954d2a39cd1ff51fc8530c37314c2cff1e382f10d3ffc63daf41a55.gpx,223927487954d2a39cd1ff51fc8530c37314c2cff1e382f10d3ffc63daf41a55,2.0,2054.6,9420,2086,0.0001
route-fcc3cddd50b040a6a62e0d7172ae491c.gpx,drive,2012_France_Italy,2012-08-07,905.941295,,r-f258c2188cc74372bbb8d836626fd916,,b41e2c0d408144a7d705ddb1a51adea53d6e801ada9b27f06672a96367ece498.gpx,b41e2c0d408144a7d705ddb1a51adea53d6e801ada9b27f06672a96367ece498,1.0,630.3,9537,2263,0.0001
route-d38fa3a29bc24337bab369239be5665c.gpx,drive,2012_Italy,2012-08-08,339.016773,,r-f81e59cc39e041e58dbe5157467dd3cc,,15e99341640496bde5bb48e1f4ccfe2468e143e29fb68adc87c8ece7e6eb8353.gpx,15e99341640496bde5bb48e1f4ccfe2468e143e29fb68adc87c8ece7e6eb8353,1.0,394.3,2651,604,0.0001
route-d9778049c52048c283998de94cc66b07.gpx,drive,2012_Italy_Hungary,2012-08-09,837.263817,,r-fae527be2a4e45ea860ed0772da8b1a9,,efb5b6e0f8a2c0e2add1c82e7624de59803a89aec6e09f7612b15b70584ae363.gpx,efb5b6e0f8a2c0e2add1c82e7624de59803a89aec6e09f7612b15b70584ae363,1.0,673.5,6901,1599,0.0001
route-c4104c41ffd6445ab6b40670472cf3b1.gpx,drive,2012_Hungary_Ukraine,2012-08-10,519.134266,,r-60e295f54afd4c62b6eb85dccecf70e6,,3bf71548073a163b71c56addf9e4c65f9480cb5b8f10e5fd145cbd98cf79287e.gpx,3bf71548073a163b71c56addf9e4c65f9480cb5b8f10e5fd145cbd98cf79287e,90.0,801.7,4898,1200,0.0001
route-5fb032ad30f9478fb8a75effd891d506.gpx,drive,2023_Spain_France,2023-08-27,1039.872195,,r-ca43515045ed455a9957cc3c58cecf55,,a6f95d79a590a2eb10573fff2261332d4f67064db08bf0f701c4d0a631c1ba0c.gpx,a6f95d79a590a2eb10573fff2261332d4f67064db08bf0f701c4d0a631c1ba0c,3.7,488.0,10297,2566,0.0001
route-4d3b33f7c8944ba0a0f2c0b6f2f4e51c.gpx,drive,2023_France_Germany,2023-08-28,831.663704,,r-61eb428ad8444810b684f17def154443,,0aaca00feec7db249a0a9e4c30dd679d453d47ef773e87ec590cfc84eb23d8d2.gpx,0aaca00feec7db249a0a9e4c30dd679d453d47ef773e87ec590cfc84eb23d8d2,36.0,557.3,8140,1863,0.0001
route-182866ea2dd24e11b1f59e24bd19033c.gpx,drive,2023_Germany_Poland,2023-08-29,545.571414,,r-507ecb3bcce94293b0fc0c971ce4fbb7,,b0d58f4091b90369942a4770add7c12177c5cf0aec750fabf51c86e4c803c882.gpx,b0d58f4091b90369942a4770add7c12177c5cf0aec750fabf51c86e4c803c882,28.0,179.8,3118,671,0.0001
